句子,句型,人工判断
《地球往事三部曲》全集<三体三部曲>【实体书精校版】,未知句型,对
作者：刘慈欣,未知句型,对
三体,未知句型,对
序,未知句型,对
“基石”是个平实的词,肯定句,
不够“炫”,否定句,
却能够准确传达我们对构建中的中国科幻繁华巨厦的情感与信心,未知句型,对
因此,未知句型,对
我们用它来作为这套原创丛书的名字,未知句型,对
最近十年,未知句型,对
是科幻创作飞速发展的十年,肯定句,
王晋康、刘慈欣、何宏伟、韩松等一大批科幻作家发表了大量深受读者喜爱、极具开拓与探索价值的科幻佳作,未知句型,对
科幻文学的龙头期刊更是从一本传统的《科幻世界》,肯定句,对
发展壮大成为涵盖各个读者层的系列刊物,未知句型,对
与此同时,未知句型,对
科幻文学的市场环境也有了改善,未知句型,对
省会级城市的大型书店里终于有了属于科幻的领地,未知句型,对
仍然有人经常问及中国科幻与美国科幻的差距,未知句型,对
但现在的答案已与十年前不同,否定句,
在很多作品上 (它们不再是那种毫无文学技巧与色彩、想象力拘谨的幼稚故事),肯定句,对
这种比较已经变成了人家的牛排之于我们的土豆牛肉,未知句型,对
差距是明显的——更准确地说,肯定句,对
应该是“差别”——却已经无法再为它们排个名次,肯定句,错
口味问题有了实际意义,未知句型,对
这正是我们的科幻走向成熟的标志,肯定句,对
与美国科幻的差距,未知句型,对
实际上是市场化程度的差距,肯定句,对
美国科幻从期刊到图书到影视再到游戏和玩具,未知句型,对
已经形成了一条完整的产业链,未知句型,对
动力十足,未知句型,对
而我们的图书出版却仍然处于这样一种局面：读者的阅读需求不能满足的同时,否定句,
出版者却感叹于科幻书那区区几千册的销量,未知句型,对
结果,未知句型,对
我们基本上只有为热爱而创作的科幻作家,未知句型,对
鲜有为版税而创作的科幻作家,未知句型,对
这不是有责任心的出版人所乐于看到的现状,肯定句,错
科幻世界作为我国最有影响力的专业科幻出版机构,未知句型,对
一直致力于对中国科幻的全方位推动,未知句型,对
科幻图书出版是其中的重点之一,肯定句,对
中国科幻需要长远眼光,未知句型,对
需要一种务实精神,未知句型,
需要引入更市场化的手段,未知句型,
因而我们着眼于远景,未知句型,
而着手之处则在于一块块“基石”,未知句型,
需要特别说明的是,肯定句,对
对于基石,未知句型,
我们并没有什么限定,否定句,
因为,未知句型,
要建一座大厦需要各种各样的石料,未知句型,
对于那样一座大厦,未知句型,
我们满怀期待,未知句型,
《三体》终于能与科幻朋友们见面了,未知句型,
用连载的方式事先谁都没有想到,否定句,
也是无奈之举,肯定句,对
之前就题材问题与编辑们仔细商讨过,未知句型,
感觉没有什么问题,否定句,
但没想到今年是文革三十周年这事儿,肯定句,对
单行本一时出不了,否定句,
也只能这样了,未知句型,
其实这本书不是文革题材的,肯定句,错
文革内容在其中只占不到十分之一,否定句,
但却是一个漂荡在故事中挥之不去的精神幽灵,肯定句,对
本书虽不是《球状闪电》的续集,肯定句,错
但可以看做那个故事所发生的世界在其后的延续,肯定句,对
那个物理学家在故事中出现但已不重要,否定句,
其他的人则永远消失了,未知句型,
林云真的死了,未知句型,
虽然我有时在想,未知句型,
如果她活下来,未知句型,
最后是不是这个主人公的样子,肯定句,错
这是一个暂名为《地球往事》的系列的第一部,肯定句,对
可以看做一个更长的故事的开始,肯定句,
这是一个关于背叛的故事,肯定句,
也是一个生存与死亡的故事,肯定句,
有时候,未知句型,
比起生存还是死亡来,肯定句,
忠诚与背叛可能更是一个问题,肯定句,
疯狂与偏执,未知句型,
最终将在人类文明的内部异化出怎样的力量,未知句型,
冷酷的星空将如何拷问心中道德,未知句型,
作者试图讲述一部在光年尺度上重新演绎的中国现代史,未知句型,
讲述一个文明二百次毁灭与重生的传奇,未知句型,
朋友们将会看到,未知句型,
连载的这第一期,未知句型,
几乎不是科幻,肯定句,
但这本书并不是这一期显示出来的这个样子,肯定句,
它不是现实科幻,肯定句,
比《球状闪电》更空灵,未知句型,
希望您能耐心地看下去,未知句型,
后面的故事变化会很大,未知句型,
在以后的一段时光中,未知句型,
读者朋友们将走过我在过去的一年中走过的精神历程,未知句型,
坦率地说,未知句型,
我不知道你们将在这条黑暗诡异的迷途上看到什么,否定句,
我很不安,否定句,
但科幻写到今天,未知句型,
能够与大家同行这么长一段,未知句型,
也是缘份,肯定句,
1.科学边界,未知句型,
汪淼觉得,未知句型,
来找他的这四个人是一个奇怪的组合：两名警察和两名军人,肯定句,
如果那两个军人是武警还算正常,肯定句,
但这是两名陆军军官,肯定句,
汪淼第一眼就对来找他的警察没有好感,否定句,
其实那名穿警服的年轻人还行,未知句型,
举止很有礼貌,未知句型,
但那位便衣就让人讨厌了,未知句型,
这人长得五大三粗,未知句型,
一脸横肉,未知句型,
穿着件脏兮兮的皮夹克,未知句型,
浑身烟味,未知句型,
说话粗声大嗓,未知句型,
是最令汪淼反感的那类人,肯定句,
“汪淼,未知句型,
”那人问,未知句型,
直呼其名令汪淼很不舒服,否定句,
况且那人同时还在点烟,未知句型,
头都不抬一下,否定句,
不等汪淼回答,否定句,
他就向旁边那位年轻人示意了一下,未知句型,
后者向汪淼出示了警官证,未知句型,
他点完烟后就直接向屋里闯,未知句型,
“请不要在我家里抽烟,否定句,
”汪淼拦住了他,未知句型,
“哦,未知句型,
对不起,否定句,
汪教授,未知句型,
这是我们史强队长,肯定句,
”年轻警官微笑着说,未知句型,
同时对姓史的使了个眼色,未知句型,
“成,未知句型,
那就在楼道里说吧,未知句型,
”史强说着,未知句型,
深深地吸了一大口,未知句型,
手中的烟几乎燃下去一半,未知句型,
之后竟不见吐出烟来,否定句,
“你问,未知句型,
”他又向年轻警官偏了一下头,未知句型,
“汪教授,未知句型,
我们是想了解一下,肯定句,
最近你与‘科学边界’学会的成员有过接触,未知句型,
是吧,肯定句,
”,未知句型,
“‘科学边界’是一个在国际学术界很有影响的学术组织,肯定句,
成员都是著名学者,肯定句,
这样一个合法的学术组织,未知句型,
我怎么就不能接触了呢,否定句,
”,未知句型,
“你看看你这个人,未知句型,
”史强大声说,未知句型,
“我们说它不合法了吗,否定句,
我们说不让你接触了吗,否定句,
”他说着,未知句型,
刚才吸进肚子里的烟都喷到汪淼脸上,未知句型,
“那好,未知句型,
这属于个人隐私,未知句型,
我没必要回答你们的问题,未知句型,
”,未知句型,
“还啥都成隐私了,未知句型,
像你这样一个著名学者,未知句型,
总该对公共安全负责吧,未知句型,
”史强把手中的烟头扔掉,把字句,
又从压扁了的烟盒里抽出一根,未知句型,
“我有权不回答,否定句,
你们请便吧,未知句型,
”汪淼说着要转身回屋,未知句型,
“等等,未知句型,
”史强厉声说,未知句型,
同时朝旁边的年轻警官挥了一下手,未知句型,
“给他地址和电话,未知句型,
下午去走一趟,未知句型,
”,未知句型,
“你要干什么,未知句型,
”汪淼愤怒地质问,未知句型,
这争吵引得邻居们也探出头来,未知句型,
想看看出了什么事,未知句型,
“史队,未知句型,
你说你——”年轻警官生气地将史强拉到一边,未知句型,
显然他的粗俗不止是让汪淼一人不适应,肯定句,
“汪教授,未知句型,
请别误会,未知句型,
”一名少校军官急忙上前,未知句型,
“下午有一个重要会议,未知句型,
要请几位学者和专家参加,未知句型,
首长让我们来邀请您,未知句型,
”,未知句型,
“我下午很忙,未知句型,
”,未知句型,
“这我们清楚,未知句型,
首长已经向超导中心领导打了招呼,未知句型,
这次会议上不能没有您,否定句,
实在不行,否定句,
我们只有把会议延期等您了,把字句,
”史强和他的同事没再说话,未知句型,
转身下楼了,未知句型,
两位军官看着他们走远,未知句型,
似乎都长出了一口气,未知句型,
“这人怎么这样儿,未知句型,
”少校小声对同事说,未知句型,
“他劣迹斑斑,未知句型,
前几年在一次劫持人质事件中,未知句型,
他不顾人质的死活擅自行动,否定句,
结果导致一家三口惨死在罪犯手中,未知句型,
据说他还和黑社会打得火热,未知句型,
用一帮黑道势力去收拾另一帮,未知句型,
去年又搞刑讯逼供,未知句型,
使一名嫌疑人致残,未知句型,
因此被停职了……”,被字句,对
“这种人怎么能进作战中心,未知句型,
”,未知句型,
“首长点名要他,未知句型,
应该有什么过人之处吧,未知句型,
不过,否定句,
对他限制挺严,未知句型,
除了公安方面的事务,未知句型,
几乎什么都不让他知道,否定句,
”,未知句型,
作战中心,未知句型,
那是什么,肯定句,
江淼不解地看着面前的两位军官,否定句,
接汪淼的汽车驶进了城市近郊的一座大院,未知句型,
从那只有门牌号码没有单位名牌的大门,否定句,
汪淼知道这里是军方而不是警方的地盘,肯定句,
会议是在一个大厅里举行的,肯定句,
汪淼一进去就对这里的纷乱吃惊不小,否定句,
大厅周围是一圈胡乱安放的电脑设备,肯定句,
有的桌子上放不下就直接搁地板上,否定句,
电线和网线纠缠着散在地上,未知句型,
一大摞网络交换机没有安在机架内,否定句,
而是随手堆放在服务器上,肯定句,
有好几个投影仪的大屏幕,未知句型,
在大厅的角落里呈不同角度随意立着,否定句,
像吉普赛人的帐篷,未知句型,
烟雾像晨雾般在半空浮了一层……汪淼不知道这是否就是那名军官所说的作战中心,肯定句,
有一点他可以肯定：这里在处理的事情,肯定句,
已经让人们顾不上其他了,否定句,
临时拼凑的会议桌上也是堆满了文件和杂物,肯定句,
与会者大多神情疲惫,未知句型,
衣服皱巴巴的,未知句型,
有领带的都扯开了,未知句型,
好像熬了一夜,未知句型,
主持会议的是一位叫常伟思的陆军少将,肯定句,
与会者有一半是军人,肯定句,
经过简单的介绍,未知句型,
他知道还有少部分警方人员,未知句型,
其他的人都是和他一样参加会议的专家学者,肯定句,
其中有几位还是很有名望的科学家,肯定句,
而且是研究基础科学的,肯定句,
令他感到意外的是还有四个外国人,肯定句,
这些人的身份令他大吃一惊：其中的两个人也是军人,肯定句,
分别是美军空军上校和英国陆军上校,肯定句,
职务是北约联络员,肯定句,
另外两人居然是美国中央情报局的官员,肯定句,
在这里的职务是什么观察员,肯定句,
从所有人的脸上,未知句型,
汪淼都读出了一句话：我们已经尽力了,未知句型,
快他妈的结束吧,未知句型,
汪淼看到了史强,未知句型,
他倒是一反昨天的粗鲁,肯定句,
向汪淼打招呼,未知句型,
但那一脸傻笑让汪淼愉快不起来,否定句,
他不想挨史强坐,否定句,
但也只有那一个空位,未知句型,
他只好坐过去,未知句型,
屋里本来已经很浓的烟味更加重了,未知句型,
发文件时,未知句型,
史强凑近汪淼说：“汪教授,未知句型,
你好像是在研究什么……新材料,肯定句,
”,未知句型,
“纳米材料,未知句型,
”汪淼简单地回答,未知句型,
“我听说过,未知句型,
那玩意儿强度很高,未知句型,
不会被用于犯罪吧,否定句,对
”从史强那带有一半调侃的表情上,未知句型,
汪淼看不出他是不是开玩笑,肯定句,
“什么意思,未知句型,
”,未知句型,
“呵,未知句型,
听说那玩意儿一根头发丝粗就能吊起一辆大卡车,未知句型,
犯罪分子要是偷点儿去做把刀,肯定句,
那一刀就能把一辆汽车砍成两截吧,把字句,
”,未知句型,
“哼,未知句型,
根本不用做成刀,否定句,对
用那种材料做一根只有头发丝百分之一粗细的线,未知句型,
拦在路上,未知句型,
就能把过往的汽车像切奶酪那样切成两半……啥不能用于犯罪,否定句,对
刮鱼鳞的刀都能,未知句型,
”,未知句型,
史强把面前的文件从袋中抽出一半又塞了回去,把字句,
显然没了兴趣,未知句型,
“说得对,未知句型,
鱼都能犯罪呢,未知句型,
我办过一个杀人案,未知句型,
一个娘们儿把她丈夫的那玩意儿割下来了,把字句,
知道用的是什么,肯定句,
冰箱里冷冻的罗非鱼,否定句,错
鱼冻硬后,未知句型,
背上的那排刺就跟一把快刀似的……”,把字句,
“我没兴趣,未知句型,
怎么,未知句型,
让我来开会就是为这事儿,肯定句,
”,未知句型,
“鱼,未知句型,
纳米材料,未知句型,
不、不,否定句,错
与那些都没关系,未知句型,
”史强把嘴凑到汪淼耳边,把字句,
“别给这帮家伙好脸,未知句型,
他们歧视咱们,未知句型,
只想从咱们这里掏情报,未知句型,
但什么都不告诉咱们,否定句,对
像我,未知句型,
在这儿混了一个多月,未知句型,
还和你一样什么都不知道,否定句,对
”,未知句型,
“同志们,未知句型,
会议开始,未知句型,
”常伟思将军说,未知句型,
“在全球各战区,未知句型,
我们这里现在成为焦点,未知句型,
首先把当前情况向与会的同志们介绍一下,把字句,
”,未知句型,
“战区”这个不寻常的术语令汪淼迷惑,否定句,错
他还注意到,未知句型,
首长好像并没有打算向他这样的新人介绍来龙去脉,否定句,对
这倒是印证了史强的话,肯定句,
在常将军这简短的开场白中,未知句型,
他两次提到了“同志们”,未知句型,
汪淼看看对面的两名北约军人和两个美国中情局官员,未知句型,
感觉将军似乎漏掉了“先生们”,未知句型,
“他们也是同志,肯定句,
反正这边的人都是这么称呼的,肯定句,
”史强低声地对汪淼说,未知句型,
同时用手中的烟指了指那四个外国人,未知句型,
在迷惑的同时,未知句型,
汪淼对史强的观察力留下了些印象,未知句型,
“大史,未知句型,
你把烟熄了,把字句,
这儿的烟味够浓了,未知句型,
”常伟思说,未知句型,
低头翻着文件,未知句型,
史强拿着刚点着的烟四下看看,未知句型,
没找到烟灰缸,未知句型,
就“吱啦”一声扔到茶杯里了,未知句型,
他抓住这个机会举手要求发言,未知句型,
没等常伟思表态就大声说道：“首长,未知句型,
我提个要求,未知句型,
以前提过的——信息对等,未知句型,
”常伟思将军抬起头,未知句型,
“没有任何一个军事行动是信息对等的,肯定句,
这点也请到会的专家学者们谅解,未知句型,
我们不可能给你们介绍更多的背景资料,否定句,对
”,未知句型,
“但我们不一样,否定句,对
”史强说,未知句型,
“警方从作战中心成立之初就一直参与,未知句型,
可直到现在,未知句型,
我们连这个机构到底是干什么的都不知道,肯定句,
而且,未知句型,
你们正在把警方排挤出去,把字句,
你们一步步熟悉我们的工作,未知句型,
然后把我们一个个赶走,把字句,
”,未知句型,
与会的另外几名警官都在低声制止史强,未知句型,
史强敢对常伟思这样级别的首长这么说话,未知句型,
汪淼有些吃惊,未知句型,
而后者的反击更犀利,未知句型,
“我说大史,未知句型,
现在看来,未知句型,
你在部队上的老毛病还没改,未知句型,
你能代表警方吗,疑问句,对
你因为自己的恶劣行为已被停职好几个月了,被字句,对
马上就要被清除出公安队伍,被字句,对
我调你来,未知句型,
是看重你在城市警务方面的经验,肯定句,
你要珍惜这次机会,未知句型,
”,未知句型,
大史用粗嗓门说：“那我是戴罪立功了,肯定句,
你们不是说那都是些歪门邪道的经验吗,肯定句,
”,未知句型,
“但有用,未知句型,
”常伟思对史强点点头,未知句型,
“有用就行,未知句型,
现在顾不了那么多了,否定句,对
这是战争时期,肯定句,
”,未知句型,
“什么都顾不了了,否定句,对
”一位CIA 的情报官员用标准的普通话说,未知句型,
“我们不能再用常规思维,否定句,对
”,未知句型,
那位英军上校显然也能听懂中文,未知句型,
他点点头,未知句型,
“To be or not to be……”,未知句型,
“他说什么,未知句型,
”史强问汪淼,未知句型,
“没什么,未知句型,
”汪淼机械地回答,未知句型,
这些人似乎在梦呓,未知句型,
战争时期,未知句型,
战争在哪儿,未知句型,
他扭头望向大厅的落地窗,未知句型,
透过窗子可以看到远处大院外面的城市：春天的阳光下,肯定句,
街道上车流如织,未知句型,
草坪上有人在遛狗,未知句型,
还有几个孩子在玩耍……,未知句型,
里面和外面的世界,未知句型,
哪个更真实,未知句型,
常将军讲道：“最近,未知句型,
敌人的攻击明显加强了,未知句型,
目标仍是科学界高层,肯定句,
请你们先看一下文件中的那份名单,未知句型,
”,未知句型,
汪淼抽出文件中最上面的那张纸,未知句型,
是用大号字打印的,肯定句,
名单显然拟得很仓促,未知句型,
中文和英文姓名都有,未知句型,
“汪教授,未知句型,
看到这份名单,未知句型,
您有什么印象,未知句型,
”常伟思看着汪淼问,未知句型,
“我知道其中的三人,未知句型,
都是物理学最前沿的著名学者,肯定句,
”汪淼答道,未知句型,
有些心不在焉,否定句,错
他的目光锁定在最后一个名字上,未知句型,
在他的潜意识中,未知句型,
那两个字的色彩与上面几行字是不同的,肯定句,
怎么会在这里看到她的名字,未知句型,
她怎么了,未知句型,
“认识,未知句型,
”大史用一根被烟熏黄的粗指头指着文件上的那个名字问,被字句,对
见汪淼没有反应,否定句,对
他迅速做出反应,未知句型,
道：“呵,未知句型,
不太认识,否定句,对
想认识,未知句型,
”,未知句型,
现在,未知句型,
汪淼知道常伟思把他以前的这个战士调来是有道理的,肯定句,
这个外表粗俗的家伙,未知句型,
眼睛跟刀子一样,未知句型,
他也许不是个好警察,肯定句,
但确实是个狠角色,肯定句,
那是一年前,肯定句,
汪淼是“中华二号”高能加速器项目纳米构件部分的负责人,肯定句,
那天下午在良湘的工地上,未知句型,
一次短暂的休息中,未知句型,
他突然被眼前的一幅构图吸引了,被字句,
作为一名风景摄影爱好者,未知句型,
现实的场景经常在他眼中形成一幅幅艺术构图,未知句型,
构图的主体就是他们正在安装的超导线圈,肯定句,
那线圈有三层楼高,未知句型,
安装到一半,未知句型,
看上去是一个由巨大的金属块和乱麻般的超低温制冷剂管道组成的怪物,肯定句,
仿佛一堆大工业时代的垃圾,未知句型,
显示出一种非人性的技术的冷酷和钢铁的野蛮,否定句,错
就在这金属巨怪前面,未知句型,
出现了一个年轻女性纤细的身影,未知句型,
这构图的光线分布也很绝：金属巨怪淹没在临时施工顶棚的阴影里,未知句型,
更透出那冷峻、粗糙的质感,未知句型,
而一束夕阳金色的光,未知句型,
透过顶棚的孔洞正好投在那个身影上,未知句型,
柔和的暖光照着她那柔顺的头发,未知句型,
照着工作服领口上白皙的脖颈,未知句型,
看上去就像一场狂暴的雷雨后,未知句型,
巨大的金属废墟上开出了一朵娇柔的花……,未知句型,
“看什么看,未知句型,
干活儿,未知句型,
”,未知句型,
汪淼吓了一跳,未知句型,
然后发现纳米研究中心主任说的不是他,肯定句,
而是一名年轻工程师,肯定句,
后者也和自己一样呆呆地望着那个身影,未知句型,
汪淼从艺术中回到现实,未知句型,
发现那位女性不是一般的工作人员,肯定句,
因为总工程师陪同着她,未知句型,
在向她介绍着什么,未知句型,
一副很尊敬的样子,未知句型,
“她是谁,肯定句,
”汪淼问主任,未知句型,
“你应该知道她的,未知句型,
”主任说,未知句型,
用手划了一大圈,未知句型,
“这个投资二百亿的加速器建成后,未知句型,
第一次运行的可能就是验证她提出的一个超弦模型,肯定句,
要说在论资排辈的理论研究圈子,未知句型,
本来轮不到她的,否定句,对
可那些老家伙不敢先来,否定句,错
怕丢人,未知句型,
就让她捡了个便宜,未知句型,
”,未知句型,
“什么,未知句型,
杨冬是……女的,肯定句,
”,未知句型,
“是的,肯定句,
我们也是在前天见到她时才知道,肯定句,
”主任说,未知句型,
那名工程师问：“她这人是不是有什么心理障碍,肯定句,
要不怎么会从来不上媒体呢,否定句,对
别像是钱钟书似的,肯定句,
到死大家也没能在电视上看上一眼,未知句型,
”,未知句型,
“可我们也不至于不知道钱钟书的性别吧,否定句,错
我觉得她童年一定有什么不寻常的经历,否定句,错
以致得了自闭症,未知句型,
”汪淼说,未知句型,
多少有一些酸葡萄心理,未知句型,
杨冬和总工程师走过来,未知句型,
在经过时她对他们微笑着点点头,未知句型,
没说一句话,未知句型,
但汪淼记住了她那清澈的眼睛,未知句型,
当天晚上汪淼坐在书房里,未知句型,
欣赏着挂在墙上的自己最得意的几幅风景摄影,未知句型,
他的目光落在一幅塞外风光上——那是一个荒凉的山谷,肯定句,
雪山从山谷的尽头露出一抹白,未知句型,
山谷的这一端,未知句型,
半截沧桑的枯木占据了几乎三分之一的画面,未知句型,
汪淼在想象中把那个萦绕在他脑海中的身影叠印到画面上,把字句,
让她位于山谷的深处,未知句型,
看去很小很小,未知句型,
这时汪淼惊奇地发现,未知句型,
整个画面苏醒过来,未知句型,
仿佛照片中的世界认出了那个身影,未知句型,
仿佛这一切本来就是为她而存在,肯定句,
他又依次在想象中将那个身影叠印到另外几幅作品上,未知句型,
有时还将她那双眼睛作为照片上空旷苍穹的背景,未知句型,
那些画面也都苏醒过来,未知句型,
展现出一种汪淼从未想象过的美,未知句型,
以前,未知句型,
汪淼总觉得自己的摄影作品缺少某种灵魂,未知句型,
现在他知道了,未知句型,
缺的是她,肯定句,
“名单上的这些物理学家,未知句型,
在不到两个月的时间里,否定句,对
先后自杀,未知句型,
”常伟思说,未知句型,
晴天霹雳,未知句型,
汪淼的大脑一片空白,未知句型,
后来这空白中渐渐有了图像,未知句型,
那是他那些黑白风景照片,肯定句,
照片中的大地没有了她的身影,否定句,对
天空抹去了她的眼睛,未知句型,
那些世界死了,未知句型,
“是……什么时候,肯定句,
”汪淼呆呆地问,未知句型,
“在不到两个月的时间里,否定句,错
”常将军重复道,未知句型,
“你是指最后一位吧,肯定句,
”坐在汪淼旁边的大史得意地说,未知句型,
然后压低声音,未知句型,
“她是最后一位自杀者,肯定句,
前天晚上,未知句型,
服过量安眠药,未知句型,
她死得很顺溜,未知句型,
没有痛苦,否定句,
”,未知句型,
刹那间,未知句型,
汪淼居然对大史有了那么一丝感激,未知句型,
“为什么,未知句型,
”汪淼问,未知句型,
那些照片上死去的风景画仍在他的脑海中幻灯似的循环浮现,未知句型,
常伟思回答道：“现在能肯定的只有一点：促使他们自杀的原因是相同的,肯定句,
但原因本身在这里很难说清,未知句型,
也可能对我们这些非专业人士根本就说不清,否定句,
文件中附加了他们遗书的部分内容,未知句型,
各位会后可以仔细看看,肯定句,
”,未知句型,
汪淼翻翻那些遗书的复印件,未知句型,
都是长篇大论,肯定句,
“丁仪博士,未知句型,
您能否把杨冬的遗书给汪教授看一下,把字句,
她的最简短,未知句型,
也最有概括性,未知句型,
”,未知句型,
那个一直低着头沉默的人半天才有所反应,未知句型,
掏出一个白色的信封隔着桌子递给汪淼,未知句型,
大史在旁边低声说：“他是杨冬的男友,肯定句,
”汪淼这才想起自己在良湘的高能加速器工地中也见过丁仪,未知句型,
他是理论组的成员,肯定句,
这名物理学家因在对球状闪电(此处参见作者2004 年出版的《球状闪电》) 的研究中发现宏原子而闻名于世,未知句型,
汪淼从信封中抽出一片散发出清香的东西,未知句型,
形状不规则,否定句,
不是纸,肯定句,
竟是一片白桦树皮,肯定句,
上面有一行娟秀的字：,未知句型,
一切的一切都导向这样一个结果：物理学从来就没有存在过,否定句,
将来也不会存在,否定句,
我知道自己这样做是不负责任的,肯定句,
但别无选择,未知句型,
连签字都没有,否定句,
她就走了,未知句型,
“物理学……不存在,否定句,
”汪淼茫然四顾,未知句型,
常将军合上文件夹,未知句型,
“有一些相关的具体信息与世界上三台新的高能加速器建成后取得的实验结果有关,未知句型,
很专业,未知句型,
我们就不在这里讨论了,否定句,
我们首先要调查的是‘科学边界’学会,肯定句,
联合国教科文组织将 2005年定为世界物理年,未知句型,
这个组织就是在这一年国际物理学界频繁的学术会议和交流活动中逐渐诞生的,肯定句,
是一个松散的国际性学术组织,肯定句,
丁博士,未知句型,
您是理论物理专业的,肯定句,
能进一步介绍一下它的情况吗,疑问句,对
”,未知句型,
丁仪点点头说：“我与‘科学边界’没有任何直接联系,否定句,
不过这个组织在学术界很有名,否定句,
它的宗旨是：自上个世纪下半叶以来,肯定句,
物理学古典理论中的简洁有力渐渐消失了,未知句型,
理论图像变得越来越复杂、模糊和不确定,否定句,
实验验证也越来越难,未知句型,
这标志着物理学的前沿探索似乎遇到了很大的障碍和困难,未知句型,
‘科学边界’试图开辟一条新的思维途径,未知句型,
简单地说就是试图用科学的方法找出科学的局限性,肯定句,
试图确定科学对自然界的认知在深度和精度上是否存在一条底线——底线之下是科学进入不了的,肯定句,
现代物理学的发展,未知句型,
似乎隐隐约约地触到了这条底线,未知句型,
”,未知句型,
“很好,未知句型,
”常伟思说,未知句型,
“据我们了解,未知句型,
这些自杀的学者大部分与‘科学边界’有过联系,未知句型,
有些还是它的成员,肯定句,
但没有发现诸如邪教精神控制或使用违法药物这类的犯罪行为,否定句,
也就是说,肯定句,
即使‘科学边界’对那些学者产生过影响,未知句型,
也是通过合法的学术交流途径,肯定句,
汪教授,未知句型,
他们最近与您有联系,未知句型,
我们想了解一些情况,未知句型,
”,未知句型,
大史粗声粗气地开口说：“包括联系人的姓名、见面地点和时间、谈话内容,未知句型,
如果交换过文字资料或电子邮件的话……”,未知句型,
“大史,未知句型,
”常伟思厉声制止了他,未知句型,
“不吱声没人拿你当哑巴,否定句,
”旁边一位警官探过身去对大史低声说,未知句型,
后者拿起桌上的茶杯,未知句型,
看到里面的烟头后,未知句型,
“咚”的一声又放下了,未知句型,
大史又令汪淼像吃了苍蝇一样难受,未知句型,
刚才那一丝感激消失得无影无踪,未知句型,
但他还是克制着回答了这个问题：“我与‘科学边界’的接触是从认识申玉菲开始的,肯定句,
她是一名日籍华裔物理学家,肯定句,
现在为一家日资公司工作,未知句型,
就住在这个城市,未知句型,
她曾在三菱电机的一家实验室从事纳米材料研究,未知句型,
我们是在今年年初的一次技术研讨会上认识的,肯定句,
通过她,未知句型,
又认识了几位物理专业的朋友,未知句型,
都是‘科学边界’的成员,肯定句,
国内国外的都有,未知句型,
和他们的交往时,未知句型,
谈的都是一些很……怎么说呢,肯定句,
很终极的问题,未知句型,
主要就是丁博士刚才提到的科学底线的问题,肯定句,
“我一开始对这些问题没有太大的兴趣,否定句,
只是作为消遣,肯定句,
我是搞应用研究的,肯定句,
在这方面水平不高,否定句,对
主要是听他们讨论和争论,肯定句,
这些人思想都很深刻,未知句型,
观点新颖,未知句型,
自己感觉同他们交流,未知句型,
思想开阔了许多,未知句型,
渐渐变得很投入了,未知句型,
但讨论的话题仅限于此,未知句型,
都是天马行空的纯理论,肯定句,
没有什么特别的,否定句,对
他们曾邀请我加入‘科学边界’,未知句型,
但那样的话,未知句型,
参加这样的研讨会就变成了一项义务,未知句型,
我因为精力有限就谢绝了,未知句型,
”,未知句型,
“汪教授,未知句型,
我们希望您接受邀请,未知句型,
加入‘科学边界’学会,未知句型,
这也是我们今天请您来的主要目的,肯定句,
”常将军说,未知句型,
“我们希望能通过您这个渠道,未知句型,
得到一些这个组织的内部信息,未知句型,
”,未知句型,
“您是说让我去卧底吗,肯定句,
”汪淼不安地问,否定句,错
“哇哈哈,未知句型,
卧底,未知句型,
”大史大笑一声,未知句型,
常伟思责备地看了大史一眼,未知句型,
对汪淼说：“只是提供一些情况,肯定句,对
我们也没有别的渠道,否定句,对
”,未知句型,
汪淼摇摇头：“对不起,否定句,错
首长,未知句型,
我不能干这事,否定句,对
”,未知句型,
“汪教授,未知句型,
‘科学边界’是一个由国际顶尖学者构成的组织,肯定句,对
对它的调查是一件极其复杂和敏感的事,肯定句,对
我们真的是如履薄冰,肯定句,对
没有知识界的帮助,否定句,对
我们寸步难行,未知句型,
所以才提出了这个唐突的要求,未知句型,
希望您能理解,未知句型,
不过我们也尊重您的意愿,否定句,错
如果不同意,否定句,对
我们也是能够理解的,肯定句,对
”,未知句型,
“我……工作很忙,未知句型,
也没有时间,否定句,对
”汪淼推托道,未知句型,
常伟思点点头,未知句型,
“好的,未知句型,
汪教授,未知句型,
那我们就不再耽误您的时间了,否定句,对
谢谢您能来参加这次会议,未知句型,
”,未知句型,
汪淼愣了几秒钟,未知句型,
才明白他该离开了,未知句型,
常伟思礼貌地把汪淼送到会议室门口时,把字句,
大史在后面大声说：“这样挺好,未知句型,
我压根儿就不同意这个方案,否定句,对
已经有这么多书呆子寻了短见,未知句型,
让他去不是‘肉包子打狗’吗,肯定句,错
”,未知句型,
汪淼返身回去,未知句型,
走到大史身旁,未知句型,
努力克制着自己的愤怒,未知句型,
“你这么说话实在不像一名合格的警官,否定句,对
”,未知句型,
“我本来就不是,肯定句,错
”,未知句型,
“那些学者自杀的原因还没有搞清楚,否定句,对
你不该用这么轻蔑的口气谈论他们,否定句,
他们用自己的智慧为人类社会做出的贡献,未知句型,
是任何人都不可替代的,肯定句,对
”,未知句型,
“你是说他们比我强,肯定句,对
”大史在椅子上仰头看着汪淼,未知句型,
“我总不至于听人家忽悠几句就去寻短见,否定句,
”,未知句型,
“那你是说我会,肯定句,对
”,未知句型,
“总得对您的安全负责吧,未知句型,
”大史看着汪淼,未知句型,
又露出他招牌式的傻笑,未知句型,
“在那种情况下我比你要安全得多,未知句型,
你应该知道,未知句型,
一个人的鉴别能力是和他的知识成正比的,肯定句,对
”,未知句型,
“那不见得,否定句,
像您这样的……”,未知句型,
“大史,未知句型,
你要再多说一句,未知句型,
也从这里出去好了,未知句型,
”常伟思严厉地喝斥道,未知句型,
“没关系,未知句型,
让他说,未知句型,
”汪淼转向常将军,未知句型,
“我改变主意了,未知句型,
决定按您的意思加入‘科学边界’,未知句型,
”,未知句型,
“很好,未知句型,
”大史连连点头,未知句型,
“进去后机灵点儿,未知句型,
有些事顺手就能做,未知句型,
比如瞄一眼他们的电脑,未知句型,
记个邮件地址或网址什么的……”,未知句型,
“够了,未知句型,
够了,未知句型,
你误会了,未知句型,
我不是去卧底,肯定句,错
只是想证明你的无知和愚蠢,肯定句,对
”,未知句型,
“如果您过一阵儿还活着,未知句型,
那自然也就证明了,未知句型,
不过恐怕……嘿嘿,否定句,
”大史仰着头,未知句型,
傻笑变成了狞笑,未知句型,
“我当然会一直活下去,未知句型,
但实在不想再见到你这号人了,否定句,
”,未知句型,
常伟思一直把汪淼送下了楼梯,把字句,
并安排车送他,未知句型,
在道别时说：“史强就那种脾气,未知句型,
其实他是一名很有经验的刑警和反恐专家,肯定句,对
二十多年前,未知句型,
他曾是我连里的一名战士,肯定句,对
”,未知句型,
走到车前,未知句型,
常伟思又说：“汪教授,未知句型,
你一定有很多问题要问,未知句型,
”,未知句型,
“刚才您说的那些,未知句型,
与军方有什么关系,未知句型,
”,未知句型,
“战争与军方当然有关系,未知句型,
”,未知句型,
汪淼迷惑地看看周围明媚春光中的一切,未知句型,
“可战争在哪儿,未知句型,
现在全球一处热点都没有,否定句,
应该是历史上最和平的年代了,肯定句,对
”,未知句型,
常伟思露出了高深莫测的笑容：“你很快就会知道一切的,未知句型,
所有人都会知道,未知句型,
汪教授,未知句型,
你的人生中有重大的变故吗,疑问句,对
这变故突然完全改变了你的生活,未知句型,
对你来说,未知句型,
世界在一夜之间变得完全不同,否定句,
”,未知句型,
“没有,否定句,
”“那你的生活是一种偶然,肯定句,对
世界有这么多变幻莫测的因素,未知句型,
你的人生却没什么变故,未知句型,
”,未知句型,
汪淼想了半天还是不明白,肯定句,
“大部分人都是这样嘛,肯定句,
”,未知句型,
“那大部分人的人生都是偶然,肯定句,
”,未知句型,
“可……多少代人都是这么平淡地过来的,肯定句,
”,未知句型,
“都是偶然,肯定句,
”,未知句型,
汪淼摇头笑了起来,未知句型,
“得承认今天我的理解力太差了,未知句型,
您这岂不是说……”,肯定句,
“是的,肯定句,
整个人类历史也是偶然,肯定句,
从石器时代到今天,未知句型,
都没什么重大变故,未知句型,
真幸运,未知句型,
但既然是幸运,肯定句,
总有结束的一天,未知句型,
现在我告诉你,未知句型,
结束了,未知句型,
做好思想准备吧,未知句型,
”,未知句型,
汪淼还想问下去,未知句型,
但将军与他握手告别,未知句型,
阻止了他下面的问题,未知句型,
上车后,未知句型,
司机开口问汪淼家的地址,未知句型,
汪淼告诉他后,未知句型,
随口问道： “哦,未知句型,
接我来的不是你,肯定句,
我看车是一样的,肯定句,
”,未知句型,
“不是我,肯定句,
我是去接丁博士的,肯定句,
”,未知句型,
汪淼心里一动,未知句型,
便向司机打听丁仪的住处,未知句型,
司机告诉了他,未知句型,
当天晚上,未知句型,
他就去找丁仪,未知句型,
2.台球,未知句型,
推开丁仪那套崭新的三居室的房门,未知句型,
汪淼闻到了一股酒味,未知句型,
看到丁仪躺在沙发上,未知句型,
电视开着,未知句型,
他的双眼却望着天花板,未知句型,
汪淼四下打量了一下,未知句型,
看到房间还没怎么装修,未知句型,
也没什么家具和陈设,未知句型,
宽大的客厅显得很空,未知句型,
最显眼的是客厅一角摆放的一张台球桌,肯定句,
对汪淼的不请自来,否定句,
丁仪倒没表示反感,未知句型,
他显然也想找人说话,未知句型,
“这套房子是三个月前买的,肯定句,
”丁仪说,未知句型,
“我买房子干什么,未知句型,
难道她真的会走进家庭,未知句型,
”他带着醉意笑着摇摇头,未知句型,
“你们……”汪淼想知道杨冬生活中的一切,未知句型,
但又不知该如何问,否定句,
“她像一颗星星,未知句型,
总是那么遥远,肯定句,
照到我身上的光也总是冷的,肯定句,
”丁仪走到窗前看着夜空,未知句型,
像在寻找那颗已逝去的星辰,未知句型,
汪淼也沉默下来,未知句型,
很奇怪,未知句型,
他现在就是想听一听她的声音,肯定句,
一年前那个夕阳西下的时刻,未知句型,
她同他对视的那一瞬间没有说话,否定句,
他从来没有听到过她的声音,否定句,
丁仪一挥手,未知句型,
像要赶走什么,未知句型,
将自己从这哀婉的思绪中解脱出来,未知句型,
“汪教授,未知句型,
你是对的,肯定句,
别跟军方和警方纠缠到一块儿,未知句型,
那是一群自以为是的白痴,肯定句,
那些物理学家的自杀与‘科学边界’没有关系,否定句,
我对他们解释过,未知句型,
可解释不清,否定句,
”,未知句型,
“他们好像也做过一些调查,未知句型,
”,未知句型,
“是,肯定句,
而且这种调查还是全球范围的,肯定句,
那他们也应该知道,未知句型,
其中的两人与‘科学边界’没有任何来往,否定句,
包括——杨冬,未知句型,
”丁仪说出这个名字时显得很吃力,未知句型,
“丁仪,未知句型,
你知道,未知句型,
我现在也卷进这件事里了,未知句型,
所以,未知句型,
关于使杨冬做出这种选择的原因,未知句型,
我很想知道,未知句型,
我想你一定知道一些,未知句型,
”汪淼笨拙地说道,未知句型,
试图掩盖他真正的心迹,未知句型,
“如果知道了,未知句型,
你只会卷得更深,未知句型,
现在你只是人和事卷进来了,肯定句,
知道后连精神也会卷进来,未知句型,
那麻烦就大了,未知句型,
”,未知句型,
“我是搞应用研究的,肯定句,
没有你们理论派那么敏感,否定句,
”,未知句型,
“那好吧,未知句型,
打过台球吗,疑问句,对
”丁仪走到了台球桌前,未知句型,
“上学时随便玩过几下,未知句型,
”,未知句型,
“我和她很喜欢打,未知句型,
因为这让我们想到了加速器中的粒子碰撞,未知句型,
”丁仪说着拿起黑白两个球,未知句型,
将黑球放到洞旁,未知句型,
将白球放到距黑球仅十厘米左右的位置,未知句型,
问汪淼,未知句型,
“能把黑球打进去吗,把字句,
”,未知句型,
“这么近谁都能,未知句型,
”,未知句型,
“试试,未知句型,
”,未知句型,
汪淼拿球杆,未知句型,
轻击白球,未知句型,
将黑球撞入洞内,未知句型,
“很好,未知句型,
来,未知句型,
我们把球桌换个位置,把字句,
”丁仪招呼一脸迷惑的汪淼,未知句型,
两人抬起沉重的球桌,未知句型,
将它搬到客厅靠窗的一角,未知句型,
放稳后,未知句型,
丁仪从球袋内掏出刚才打进去的黑球,未知句型,
将它放到洞边,未知句型,
又拾起那个白球,未知句型,
再次放到距黑球十厘米左右的地方,未知句型,
“这次还能打进去吗,疑问句,对
”,未知句型,
“当然,未知句型,
”,未知句型,
“打吧,未知句型,
”,未知句型,
汪淼再次轻而易举地将黑球打入洞内,未知句型,
“搬,未知句型,
”丁仪挥手示意,未知句型,
两人再次抬起球桌,未知句型,
搬到客厅的第三个角,未知句型,
丁仪又将黑白两个球摆放到同样的位置,未知句型,
“打吧,未知句型,
”,未知句型,
“我说,未知句型,
我们……”,未知句型,
“打吧,未知句型,
”,未知句型,
汪淼无奈地笑笑,未知句型,
第三次将黑球击入洞内,未知句型,
他们又搬了两次台球桌,未知句型,
一次搬到了客厅靠门的一角,未知句型,
最后一次搬回了原位,未知句型,
丁仪又两次将黑白球摆到洞前的位置,未知句型,
汪淼又两次将黑球击入洞内,未知句型,
这时两人都有些出汗了,未知句型,
“好了,未知句型,
实验结束,未知句型,
让我们来分析一下结果,未知句型,
”丁仪点上一枝烟说,未知句型,
“我们总共进行了五次试验,未知句型,
其中四次在不同的空间位置和不同的时间,否定句,
两次在同一空间位置但时间不同,否定句,
您不对结果震惊吗,否定句,
”他夸张地张开双臂,未知句型,
“五次,未知句型,
撞击试验的结果居然都一样,未知句型,
”,未知句型,
“你到底想表达什么,未知句型,
”汪淼喘着气问,未知句型,
“你现在对这令人难以置信的结果做出解释,未知句型,
用物理学语言,未知句型,
”,未知句型,
“这……在五次试验中,未知句型,
两个球的质量是没有变化的,肯定句,
所处位置,未知句型,
当然是以球桌面为参照系来说,肯定句,
也没有变化,否定句,
白球撞击黑球的速度向量也基本没有变化,否定句,
因而两球之间的动量交换也没有变化,否定句,
所以五次试验中黑球当然都被击入洞中,被字句,
”,未知句型,
丁仪拿起撂在地板上的一瓶白兰地,未知句型,
把两个脏兮兮的杯子分别倒满,把字句,
递给汪淼一杯,未知句型,
后者谢绝了,未知句型,
“应该庆祝一下,未知句型,
我们发现了一个伟大的定律：物理规律在时间和空间上是均匀的,肯定句,
人类历史上的所有物理学理论,未知句型,
从阿基米德原理到弦论,未知句型,
以至人类迄今为止的一切科学发现和思想成果,未知句型,
都是这个伟大定律的副产品,肯定句,
与我们相比,未知句型,
爱因斯坦和霍金才真是搞应用的俗人,肯定句,
”,未知句型,
“我还是不明白你想表达什么,肯定句,
”,未知句型,
“想象另一种结果：第一次,未知句型,
白球将黑球撞入洞内,未知句型,
第二次,未知句型,
黑球走偏了,未知句型,
第三次,未知句型,
黑球飞上了天花板,未知句型,
第四次,未知句型,
黑球像一只受惊的麻雀在房间里乱飞,未知句型,
最后钻进了您的衣袋,未知句型,
第五次,未知句型,
黑球以接近光速的速度飞出,未知句型,
把台球桌沿撞出一个缺口,把字句,
击穿了墙壁,未知句型,
然后飞出地球,未知句型,
飞出太阳系,未知句型,
就像阿西莫夫描写的那样(这里指阿西莫夫的科幻小说《台球》),未知句型,
这时您怎么想,未知句型,
”,未知句型,
丁仪盯着汪淼,未知句型,
后者沉默许久才问：“这事真的发生了,未知句型,
是吗,肯定句,
”,未知句型,
丁仪将手中的两杯酒都仰头灌下去,未知句型,
两眼直勾勾地看着台球桌,未知句型,
仿佛那是个魔鬼,肯定句,
“是的,肯定句,
发生了,未知句型,
近年来,未知句型,
基础理论研究的实验验证条件渐渐成熟,未知句型,
有三个昂贵的‘台球桌’被造了出来,被字句,
一个在北美,未知句型,
一个在欧洲,未知句型,
还有一个你当然知道,未知句型,
在中国良湘,未知句型,
你们纳米中心从那里赚了不少钱,否定句,
“这些高能加速器将实验中粒子对撞的能量提高了一个数量级,未知句型,
这是人类以前从未达到过的,肯定句,
在新的对撞能级下,未知句型,
同样的粒子,未知句型,
同样的撞击能量,未知句型,
一切试验条件都相同,未知句型,
结果却不一样,否定句,
不但在不同的加速度上不一样,否定句,
在同一加速器不同时间的试验中也不一样,否定句,
物理学家们慌了,未知句型,
把这种相同条件的超高能撞击试验一次次地重复,把字句,
但每次的结果都不同,否定句,
也没有规律,否定句,
”,未知句型,
“这意味着什么呢,未知句型,
”汪淼问,未知句型,
看到丁仪盯着自己不做声,否定句,
他又补充道,未知句型,
“哦,未知句型,
我搞纳米,未知句型,
也接触物质微观结构,未知句型,
但比起你们来要浅好几个层次,未知句型,
请指教一下,未知句型,
”,未知句型,
“这意味着物理规律在时间和空间上不均匀,否定句,
”,未知句型,
“这又意味着什么呢,未知句型,
”,未知句型,
“往下您应该能推论出来吧,未知句型,
那个将军都想出来了,未知句型,
他真是个聪明人,肯定句,
”,未知句型,
汪淼看着窗外沉思着,未知句型,
外面城市的灯海一片灿烂,未知句型,
夜空中的星星被淹没得看不见了,否定句,
“这就意味着宇宙普适的物理规律不存在,否定句,
那物理学……也不存在了,否定句,
”汪淼从窗外收回目光说,未知句型,
“‘我知道自己这样做是不负责任的,肯定句,
但别无选择,未知句型,
’”丁仪紧接着说,未知句型,
“这是她遗书的后半部分,肯定句,
您无意中刚说出了前半部分,未知句型,
现在多少能够理解她吧,未知句型,
”,未知句型,
汪淼从台球桌上拿起刚才他打过五次的那个白球,未知句型,
抚摸了一会儿轻轻放下,未知句型,
“这对一个前沿理论的探索者确实是个灾难,肯定句,
”,未知句型,
“在理论物理这个领域要想有所建树,未知句型,
需要一种宗教般的执着,未知句型,
这很容易把人引向深渊,把字句,
”,未知句型,
告辞时,未知句型,
丁仪给了汪淼一个地址,未知句型,
“你如果有空,未知句型,
拜托去看看杨冬的母亲,未知句型,
杨冬一直和她住在一起,未知句型,
女儿是她生活的全部,肯定句,
现在就一个人了,未知句型,
很可怜,未知句型,
”,未知句型,
汪淼说：“丁仪,未知句型,
你知道得显然比我多,未知句型,
就不能再透露一点吗,否定句,
你真的相信物理规律在时空上不均匀,否定句,
”,未知句型,
“我什么都不知道……”,否定句,
丁仪与汪淼对视了好长时间,未知句型,
最后说：“这是个问题,肯定句,
”,未知句型,
汪淼知道,未知句型,
他不过是接下了那位英军上校的话：生存还是死亡,肯定句,
这是个问题,肯定句,
3.射手和农场主,未知句型,
第二天是周末,肯定句,
汪淼反而起得很早,未知句型,
带上相机骑着自行车出去了,未知句型,
作为一名摄影爱好者,未知句型,
他最向往的题材是人迹罕至的荒野,肯定句,
但人到中年,未知句型,
已经没有精力进行这种奢侈的享受了,否定句,
大多数时间只能在城市里拍风景了,未知句型,
他有意无意地选取城市中那些散发着蛮荒气息的角落,未知句型,
如公园中干涸的湖底、建筑工地上翻出的新土、钻出水泥缝隙的野草等,未知句型,
为了消除背景上城市的俗艳色彩,未知句型,
他只使用黑白胶片,未知句型,
没想到竟自成一派,未知句型,
渐渐小有名气,未知句型,
作品入选了两次大影展,未知句型,
还加入了摄影家协会,未知句型,
每次出去拍摄,未知句型,
他就这样骑着自行车在城市里随意乱转,未知句型,
捕捉着灵感和他需要的构图,未知句型,
有时一转就是一整天,肯定句,
今天,未知句型,
汪淼的感觉有些异样,未知句型,
他的摄影以古典风格的沉稳凝重见长,未知句型,
但今天,未知句型,
他很难再找到创造这种构图所需要的稳定感,未知句型,
在他的感觉中,未知句型,
这座正在晨曦中苏醒的城市似乎建立在流沙上,未知句型,
它的稳定是虚幻的,肯定句,
在刚过去的那一夜,未知句型,
那两颗台球一直占据着他长长的梦境,未知句型,
它在黑色的空间中无规则地乱飞,未知句型,
在黑色的背景上黑球看不见,否定句,
它只有在偶尔遮挡白球时才显示一下自己的存在,未知句型,
难道物质的本原真的是无规律吗,肯定句,
难道世界的稳定和秩序,未知句型,
只是宇宙某个角落短暂的动态平衡,肯定句,
只是混乱的湍流中一个短命的旋涡,肯定句,
不知不觉中,否定句,
他已骑到了新落成的 CCTV 大厦脚下,未知句型,
他停下车,未知句型,
坐到路边,未知句型,
仰望这 A 字形的巍峨建筑,未知句型,
试图找回稳定的感觉,未知句型,
顺着大厦在朝阳中闪烁的尖顶的指向,未知句型,
他向深不见底的蓝色苍穹望去,否定句,
脑海中突然浮现出两个词：射手、农场主,未知句型,
在“科学边界”的学者们进行讨论时,未知句型,
常用到一个缩写词：SF,未知句型,
它不是指科幻,肯定句,
而是上面那两个词的缩写,肯定句,
这源自两个假说,未知句型,
都涉及到宇宙规律的本质,未知句型,
“射手”假说：有一名神枪手,未知句型,
在一个靶子上每隔十厘米打一个洞,未知句型,
设想这个靶子的平面上生活着一种二维智能生物,未知句型,
它们中的科学家在对自己的宇宙进行观察后,未知句型,
发现了一个伟大的定律：“宇宙每隔十厘米,未知句型,
必然会有一个洞,未知句型,
”它们把这个神枪手一时兴起的随意行为,把字句,
看成了自己宇宙中的铁律,未知句型,
“农场主假说”则有一层令人不安的恐怖色彩：一个农场里有一群火鸡,否定句,
农场主每天中午十一点来给它们喂食,未知句型,
火鸡中的一名科学家观察这个现象,未知句型,
一直观察了近一年都没有例外,否定句,
于是它也发现了自己宇宙中的伟大定律：“每天上午十一点,肯定句,
就有食物降临,未知句型,
”它在感恩节早晨向火鸡们公布了这个定律,未知句型,
但这天上午十一点食物没有降临,否定句,
农场主进来把它们都捉去杀了,把字句,
汪淼感到脚下的路面像流沙般滑动,未知句型,
A字形大厦仿佛摇晃起来,未知句型,
他赶紧收回目光,未知句型,
仅仅是为了摆脱不安,肯定句,
汪淼强迫自己拍完了一个胶卷,未知句型,
午饭前回到了家,未知句型,
妻子带着孩子出去玩,未知句型,
中午不回来了,否定句,
往常,未知句型,
汪淼一定会迫不及待地把胶卷冲出来,否定句,
但今天他一点兴致都没有,否定句,
简单地吃过午饭后,未知句型,
他倒头便睡,未知句型,
由于昨天夜里没睡好,未知句型,
一觉睡醒后都快五点了,未知句型,
他这时才想起上午拍的胶卷,未知句型,
便钻到那间由壁橱改成的狭窄暗室里去冲洗,未知句型,
胶片很快冲出来了,未知句型,
他开始查看哪张值得放大洗成照片,未知句型,
在第一张就发现了一件离奇的事,未知句型,
这张拍的是一个大商场外的一小片草地,肯定句,
他看到底片正中有一行白色的东西,未知句型,
细看是一排数字：1200:00:00,肯定句,
第二张底片上也有数字：1199:49:33,未知句型,
整卷胶片,未知句型,
每张底片上都有小小的一排数字,未知句型,
第三张:1199:40:18,未知句型,
第四张:1199:32:07,未知句型,
第五张:1199:28:51,未知句型,
第六张：1199:15:44,未知句型,
第七张：1199:07:38,未知句型,
第八张:1198:53:09……第三十四张：1194:50:49,未知句型,
第三十六张,未知句型,
也是最后一张:1194:16:37,肯定句,
汪淼立刻想到是胶卷的问题,肯定句,
他使用的,未知句型,
1988 年产的莱卡 M2 型相机,未知句型,
全机械手动,未知句型,
没有任何自动化功能,否定句,
更不可能往胶片上叠印日期一类的数字,否定句,
仅凭其品质卓绝的镜头和机械机构,未知句型,
即使在数码时代,未知句型,
也是专业相机中的贵族,肯定句,
重新查看每张底片,未知句型,
汪淼很快发现了这些数字的第一个诡异之处：它们自动适应背景,未知句型,
如果背景是黑色,肯定句,
数字则为白色,未知句型,
白色背景上的数字就是黑色,肯定句,
似乎是为了形成最大的反差便于观察者看清,肯定句,
当汪淼再看第十六张底片时,未知句型,
心跳加快了,未知句型,
感到暗室中有一股寒气沿着脊背升上来：,未知句型,
这张拍的是以一面老墙为背景的一棵枯树,肯定句,
老墙斑驳一片,未知句型,
在照片上黑白相间,未知句型,
在这样的背景上,未知句型,
那行数字以正常的位置无论是黑是白都不可能显示清楚,肯定句,
但它竟竖了起来,未知句型,
且弯曲自身,未知句型,
沿着枯树深色的树身呈白色显示,未知句型,
看上去仿佛是附着在枯树上的一条细蛇,肯定句,
汪淼开始研究那些数字的数学关系,未知句型,
起初他以为是某种编号,肯定句,
但每组数字的间隔并不相同,否定句,
他很快明白这是以小时、分、秒为单位的计时,肯定句,
他拿出了拍摄笔记,未知句型,
上面详细记录了每张照片的拍摄时间,未知句型,
精确到分,未知句型,
他发现两张照片上计时的差值与它们实际拍摄的时间间隔是一致的,肯定句,
很明显,未知句型,
这卷胶片上反向记录了某个以现实的速度流逝的时间,未知句型,
汪淼马上明白了它是什么,肯定句,
一个倒计时,未知句型,
倒计时从 1200 小时开始,未知句型,
到现在还剩余 1194 小时,未知句型,
现在,未知句型,
不,否定句,
是拍完胶卷最后一张那一时刻,肯定句,
这个倒计时还在继续吗,疑问句,对
汪淼走出暗室,未知句型,
取出一只新的黑白胶卷装到莱卡相机上,未知句型,
在房间里飞快地随意拍摄起来,未知句型,
最后又到阳台上拍了几张室外的画面,未知句型,
胶卷拍完后,未知句型,
他把它从相机里取出来,把字句,对
一头钻进暗室冲洗,未知句型,
冲出来的胶片上,未知句型,
那数字幽灵般地在每一张底片上不断显示出来,否定句,
第一张是 1187:27:39,肯定句,
从上一卷最后一张拍摄到拍这卷的第一张,未知句型,
正好是间隔这么长时间,肯定句,
以后的每一张的计时间隔为三到四秒,未知句型,
1187:27:35、1187:27:31、1187:27:27、1187:27:24……是他快速拍摄的间隔,肯定句,
倒计时仍在继续,未知句型,
汪淼再次给相机装上新胶卷,未知句型,
飞快地乱拍起来,未知句型,
有几张他是故意扣上镜头盖拍的,肯定句,
当他将拍完的胶卷取出时,未知句型,
妻子和孩子回来了,未知句型,
在去冲洗前,未知句型,
他给莱卡装上第三个胶卷,未知句型,
把相机递给妻子：“来,把字句,对
拍完这卷,未知句型,
”,未知句型,
“拍什么,未知句型,
”妻子惊诧地看着丈夫,未知句型,
以前,未知句型,
他是绝不允许其他人碰自己的相机,肯定句,
当然她和儿子对那玩意儿也没兴趣,未知句型,
在他们眼里,未知句型,
那是一个两万多元买来的乏味的老古董,肯定句,
“什么都行,未知句型,
随便拍,未知句型,
”汪淼把相机塞到妻子手中,把字句,对
一头钻进了暗室,未知句型,
“那,未知句型,
豆豆,未知句型,
我给你拍吧,未知句型,
”妻子把镜头对准了儿子,把字句,对
汪淼的脑海中突然浮现出幽灵般的数字像一条张开的绞索横在孩子面容前的幻象,未知句型,
他不由微微战栗了一下,否定句,
“不,否定句,
别拍儿子,未知句型,
随便拍别的什么吧,未知句型,
”,未知句型,
快门“咔嚓”一声,未知句型,
妻子拍了第一张,未知句型,
然后叫道：“这怎么按不动了,否定句,
”汪淼教妻子扳了一个手柄,未知句型,
“这样,未知句型,
每次都要倒卷,未知句型,
”然后钻进了暗室,未知句型,
“真麻烦,未知句型,
”身为医生的妻子不能理解,否定句,
在千万级像素的数码相机已经普及的今天,未知句型,
还有人用这种过时的昂贵玩意儿,未知句型,
而且拍的还是黑白胶卷,肯定句,
胶卷冲出来后,未知句型,
对着晕暗的红灯,未知句型,
汪淼看到那幽灵倒计时仍在继续,未知句型,
在一张张随意拍出的混乱画面上,未知句型,
包括那几张扣着镜头盖拍的,未知句型,
清晰地显示出：1187:19:06、1187:19:03、1187:18:59、1187:18:56……,未知句型,
妻子敲了两下暗室的门,未知句型,
告诉他拍完了,未知句型,
汪淼出门抓过相机,未知句型,
取胶卷时他的手明显地在颤抖,未知句型,
不顾妻子异样的目光,否定句,
他拿着胶卷又回到暗室,未知句型,
死死地关上门,未知句型,
他干得很忙乱,未知句型,
显影液、定影液洒了一地,未知句型,
胶卷很快冲出来了,未知句型,
他闭上双眼,未知句型,
默默祈祷：别出现,未知句型,
不管是什么,肯定句,
别在现在出现,未知句型,
别轮到我……,未知句型,
他用放大镜沿着湿漉漉的胶卷看去,未知句型,
倒计时消失了,未知句型,
底片上只有妻子拍出的室内画面,未知句型,
在低速光圈下,未知句型,
她那不专业的操作拍出的画面一片模糊,否定句,
但汪淼觉得这是他看过的最赏心悦目的照片了,肯定句,
汪淼走出暗室,未知句型,
长出一口气,未知句型,
发现汗水已浸湿了全身,未知句型,
妻子去厨房做饭了,未知句型,
儿子也到自己的房间去玩,未知句型,
他一个人坐在沙发上,未知句型,
开始了稍微冷静的思考,未知句型,
首先,未知句型,
这组在不同的拍摄间隔精确地记录时间流逝,否定句,
并显示出智能迹象的数字,未知句型,
不可能是预留在胶片上的,肯定句,
只能是某种力量使其感光,肯定句,
那会是什么呢,肯定句,
是相机的问题吗,肯定句,
是某种装置被有意无意地放置到了相机中吗,肯定句,
他将镜头卸下来,未知句型,
把相机拆开,把字句,对
用放大镜仔细地观察着相机内部,未知句型,
检查着每个一尘不染的光洁机件,否定句,
没有发现任何异常,否定句,
那么,未知句型,
联想到那几张扣上镜头盖后拍摄的画面,未知句型,
最可能的感光源是外界某种穿透力很强的射线,肯定句,
但这在技术上同样是不可能的：射线源在哪儿,肯定句,
如何瞄准,未知句型,
至少以现有技术而言,未知句型,
这种力量是超自然的,肯定句,
为了进一步确定幽灵倒计时已经消失,未知句型,
汪淼又在莱卡相机中装上了一个胶卷,未知句型,
开始一张张地随意拍起来,未知句型,
当这次的胶卷冲出来后,未知句型,
刚刚稍微平静了一会儿的他又被推到了疯狂的边缘：幽灵倒计时又出现了,被字句,
从画面显示的时间看,未知句型,
它根本就没有停止过,否定句,
只是在妻子拍的那卷上没有显示而已,肯定句,
1186:34:13、1186:34:02、1186:33:46、1186:33:35……,未知句型,
汪淼冲出暗室,未知句型,
冲出家门,未知句型,
猛敲邻居的门,未知句型,
开门的是退休的张教授,肯定句,
“老张,未知句型,
你家有没有相机,否定句,
哦,未知句型,
不要数码的,否定句,
要用胶卷的,未知句型,
”,未知句型,
“你这大摄影家朝我借相机,未知句型,
那个两万多的坏了,未知句型,
我只有数码的……你不舒服,否定句,
脸色这么难看,未知句型,
”,未知句型,
“借我用用,未知句型,
”,未知句型,
老张很快拿来一架很普通的柯达数码相机,未知句型,
“给,未知句型,
里面的几张删掉,未知句型,
就行……”,未知句型,
“谢谢,未知句型,
”汪淼抓过相机和胶卷,未知句型,
匆匆返回屋里,未知句型,
其实家里还有三架胶卷相机和一架数码相机,未知句型,
但汪淼觉得从别处借更可靠些,未知句型,
他看着摊放在沙发上的两架相机和几只黑白胶卷,未知句型,
略一思考后,未知句型,
又给莱卡装上了胶卷,未知句型,
然后将数码相机递给正在端饭的妻子：,未知句型,
“快,未知句型,
拍几张,未知句型,
就像刚才一样,未知句型,
”,未知句型,
“这是干什么,肯定句,
看你的脸色……你到底怎么了,未知句型,
”妻子惊恐地望着他,未知句型,
“你别管,未知句型,
拍,未知句型,
”,未知句型,
妻子放下手中的碟子,未知句型,
走过来看着丈夫,未知句型,
眼中的惊恐又加上了忧虑,未知句型,
汪淼把柯达相机塞到过来吃饭的六岁儿子手里,把字句,对
“豆豆,未知句型,
你帮爸爸拍,未知句型,
就按这个,未知句型,
对,未知句型,
这是一张,肯定句,
再按一下,未知句型,
对对,未知句型,
又是一张,肯定句,
就这样一直拍,未知句型,
对着哪儿都行,未知句型,
”,未知句型,
儿子很快掌握了,未知句型,
小家伙很感兴趣,未知句型,
拍得很快,未知句型,
汪淼转身从沙发上拿起自己的莱卡,未知句型,
也拍了起来,未知句型,
父子俩就这样“咔嚓、咔嚓”地疯狂拍着,未知句型,
丢下妻子在频频闪光中不知所措,否定句,
眼泪涌了出来,未知句型,
“汪淼,未知句型,
我知道你最近工作压力很大,未知句型,
你可别……”,未知句型,
汪淼把莱卡相机的胶卷拍完,把字句,对
又从孩子手中抢过数码相机,未知句型,
他想了一下,未知句型,
为了避开妻儿的干扰,未知句型,
走到卧室中,未知句型,
自己用数码相机也拍了几张,未知句型,
他拍的时候用的是目视取景器,肯定句,
没用液晶屏,未知句型,
因为怕看到结果,未知句型,
虽然迟早要看,未知句型,
汪淼取出莱卡里的胶卷钻进暗室,未知句型,
紧紧地关上门工作起来,未知句型,
冲洗完成后,未知句型,
他细看底片,未知句型,
因手在颤抖,未知句型,
他只能用双手握着放大镜——底片上,未知句型,
幽灵倒计时在继续,未知句型,
汪淼冲出暗室,未知句型,
开始检查数码相机上的照片,未知句型,
从液晶屏上看到,未知句型,
刚才拍的数码照片中,未知句型,
儿子拍的部分没有显示倒计时,否定句,
而在自己拍的那部分,未知句型,
倒计时清晰地显示出来,未知句型,
并且与底片上的同步变化,未知句型,
汪淼使用不同的相机拍摄,否定句,
目的是排除问题出在相机或底片上的可能性,肯定句,
但他无意中让孩子拍摄,未知句型,
加上之前让妻子拍摄,未知句型,
得出了一个更加诡异的结果：用不同相机和不同胶卷拍摄,否定句,
别人拍出的都正常,未知句型,
幽灵倒计时只会在他拍摄的照片上出现,未知句型,
汪淼绝望地抓起那堆胶卷,未知句型,
像抓着一团纠缠在一起的蛇,未知句型,
又像一团难以挣脱的绞索,未知句型,
他知道,未知句型,
仅凭自己的力量是无法解决这个问题的,肯定句,
那么去找谁呢,未知句型,
大学和研究所里的同事是不行的,肯定句,
他们与自己一样,未知句型,
都是技术型思维的人,肯定句,
直觉告诉他,未知句型,
这件事已超出了技术之外,未知句型,
他想到了丁仪,未知句型,
可现在这人自己也陷入精神危机之中,未知句型,
他最后想到了“科学边界”,未知句型,
那是一群思想深刻而且活跃的人,肯定句,
于是,肯定句,
他拨通了申玉菲的电话,未知句型,
“申博士,未知句型,
我这里有些事,未知句型,
必须到你那里去一趟,未知句型,
”汪淼急促地说,未知句型,
“来吧,未知句型,
”申玉菲只说了这两个字就挂断了电话,未知句型,
汪淼吃了一惊,未知句型,
申玉菲平时说话也十分精简,未知句型,
以至于“科学边界”的一些人戏称她为“女海明威”,未知句型,
但这次,未知句型,
她竟连是什么事都不问,肯定句,
汪淼不知该感到安慰还是更加不安,肯定句,
他将那团胶卷塞进一个提包,未知句型,
并带上那架数码相机,未知句型,
在妻子焦虑的目光中冲出家门,未知句型,
本来可以开车去的,肯定句,
但即使在这灯火灿烂的城市,未知句型,
他在路上也想有人陪伴,未知句型,
于是叫了出租车,肯定句,
申玉菲住在新城铁线附近的一个高档别墅区,未知句型,
这里的灯光稀疏了许多,未知句型,
别墅群环绕着几个能垂钓的小人工湖,未知句型,
晚上有一种乡村的感觉,未知句型,
申玉菲显然很富有,未知句型,
但汪淼一直搞不清她的财产来源,否定句,
她以前的研究职位和现在公司中的职位都挣不到这么多钱,否定句,
不过她的别墅中并没有豪华享受的痕迹,否定句,
那里是“科学边界”的一个聚会场所,肯定句,
其中的陈设很像一个带会议室的小图书馆,未知句型,
在客厅里,未知句型,
汪淼见到申玉菲的丈夫魏成,未知句型,
这个四十岁左右的男人,未知句型,
一副敦厚的知识分子模样,未知句型,
汪淼对他的了解仅限于其姓名,未知句型,
申玉菲介绍时也只说了这些,未知句型,
他似乎没有工作,否定句,
成天待在家里,未知句型,
对“科学边界”的讨论不感兴趣,否定句,
对家里频繁来往的学者们也习以为常,未知句型,
但他并非无所事事,否定句,
显然在家研究着什么东西,未知句型,
整天沉浸在思考中,未知句型,
见到任何人都是心不在焉地打个招呼,肯定句,
然后回到楼上的房间里,未知句型,
他一天的大部分时间都待在那里,未知句型,
一次,未知句型,
汪淼在楼上无意中从半开的房门向里瞥了一眼,未知句型,
看到一个令人惊奇的东西：一台 HP 小型机,未知句型,
他不会看错的,否定句,
因为这台设备与他工作的超导研究中心那台一样,未知句型,
黑灰色机箱,未知句型,
是四年前出品的RX8620,肯定句,
把这台价值上百万的设备放在家里似乎很奇怪,把字句,对
魏成每天一个人守着它到底在干什么,未知句型,
“玉菲在上面有点事,未知句型,
您稍等一会儿吧,未知句型,
”魏成说,未知句型,
然后走上楼,未知句型,
汪淼本打算等的,未知句型,
但实在坐不住,否定句,
也跟着走上楼去,未知句型,
看到魏成正要进入他那个放着小型机的房间,未知句型,
他看到汪淼跟来似乎并不反感,否定句,
指指对面的一个房间说：“哦,未知句型,
就在那个房间里,未知句型,
你去找她吧,未知句型,
”,未知句型,
汪淼敲门,未知句型,
门没锁,未知句型,
开了一个缝,未知句型,
他看到申玉菲正坐在电脑前玩游戏,未知句型,
令汪淼惊奇的是她竟穿着一套“V 装具”,肯定句,
这是目前在游戏玩家中很流行的玩意儿,肯定句,
由一个全视角显示头盔和一套感应服构成,未知句型,
感应服可以使玩家从肉体上感觉到游戏中的击打、刀刺和火烧,肯定句,
能产生出酷热和严寒,未知句型,
甚至还能逼真地模拟出身体暴露在风雪中的感觉,未知句型,
汪淼走到她后面,未知句型,
由于游戏是在头盔中以全视角方式显示的,肯定句,
在显示器上什么都看不到,否定句,
这时,未知句型,
汪淼想起大史让他记网址和邮件地址的事,未知句型,
无意中扫了一眼显示器,未知句型,
那个游戏登录界面上的英文名很特别,未知句型,
他记住了,未知句型,
申玉菲摘下显示头盔,未知句型,
又脱下了感应服,未知句型,
戴上她那副在瘦削的脸上显得很大的眼镜,未知句型,
面无表情地对汪淼点点头,未知句型,
一个字都没说,未知句型,
等着他说话,未知句型,
汪淼拿出那团胶卷,未知句型,
开始讲述发生在自己身上的诡异事件,未知句型,
申玉菲注意听着,未知句型,
对那些胶片,未知句型,
只是拿起来大概扫了几眼,肯定句,
并没有细看,否定句,
这令汪淼很震惊,未知句型,
现在他进一步确定申玉菲对此事并非完全不知情,否定句,
这几乎令他停止了讲述,未知句型,
只是申玉菲几次点头示意他继续,肯定句,
才将事情讲完了,未知句型,
这时申玉菲才说出了他们见面后的第一句话：“你领导的纳米项目怎么样了,未知句型,
”这不着边际的问题令汪淼十分吃惊,否定句,
“纳米项目,未知句型,
它与这有什么关系,未知句型,
”他指指那堆胶卷,未知句型,
申玉菲没有说话,否定句,
只是静静地看着他,肯定句,
等他回答自己的问题,未知句型,
这就是她的谈话风格,肯定句,
从不多说一个字,否定句,
“把研究停下来,把字句,对
”申玉菲说,未知句型,
“什么,未知句型,
”汪淼认为自己听错了,未知句型,
“你说什么,未知句型,
”,未知句型,
申玉菲沉默着,未知句型,
没重复自己的话,未知句型,
“停下来,未知句型,
那是国家重点项目,肯定句,
”,未知句型,
申玉菲仍不说话,否定句,
只是看着他,肯定句,
目光平静,未知句型,
“你总得说出原因吧,未知句型,
”,未知句型,
“停下来试试,未知句型,
”,未知句型,
“你到底知道些什么,未知句型,
告诉我,未知句型,
”,未知句型,
“我能告诉你的就这些了,未知句型,
”,未知句型,
“项目不能停,否定句,
也不可能停,否定句,
”,未知句型,
“停下来试试,未知句型,
”,未知句型,
关于幽灵倒计时的简短谈话就到此为止,未知句型,
之后,未知句型,
不管汪淼如何努力,否定句,
申玉菲再也没有说出一个与此有关的字,否定句,
只是重复那句话：“停下来试试,肯定句,
”,未知句型,
“我现在明白了,未知句型,
‘科学边界’并不是像你们宣称的那样是一个基础理论的学术交流组织,肯定句,
它与现实的关系比我想象的要复杂得多,未知句型,
”汪淼说,未知句型,
“相反,未知句型,
你得出这个印象,未知句型,
是因为‘科学边界’涉及的东西比你想象的更基础,肯定句,
”,未知句型,
绝望的汪淼没有告辞起身就走,否定句,
申玉菲默默地一直送他到庭院的大门处,未知句型,
并看着他坐进出租车,未知句型,
正在这时,未知句型,
另一辆汽车疾驰而来,未知句型,
在门前刹住了,未知句型,
一个男人下车,未知句型,
借着别墅中透出的灯光,未知句型,
汪淼一眼就认出了他,未知句型,
这人是潘寒,肯定句,
是“科学边界”里最著名的人物之一,肯定句,
作为一名生物学家,未知句型,
他成功地预言了长期食用转基因农产品造成的后代遗传畸形,未知句型,
还预言了转基因作物可能造成的生态灾难,未知句型,
与那些空洞地危言耸听的学者不同,否定句,
他的预言充满了具体的细节,未知句型,
且都一一精确兑现,未知句型,
其准确度达到令人震惊的程度,未知句型,
以至于有传言说他来自未来,未知句型,
他使自己闻名于世的另一个创举,未知句型,
是创建了国内第一个实验社会,肯定句,
与西方那些旨在回归自然的乌托邦社团不同,否定句,
他的“中华田园”不是处于荒野之地,肯定句,
而是置身于最大的城市中,肯定句,
社团没有一分钱财产,否定句,
包括食物在内的所有生活用品,未知句型,
均来自城市垃圾,未知句型,
与人们最初的预想不同,否定句,
“中华田园”不但生存下来,否定句,
而且迅速壮大,未知句型,
其固定成员已达三千多人,未知句型,
不定期到其中体验生活的人更是不计其数,肯定句,
以这两个成功为基础,未知句型,
潘寒的社会思想也日益具有影响力,未知句型,
他认为,未知句型,
科技革命是人类社会的一种病变,肯定句,
技术的爆炸性发展与癌细胞的飞速扩散相当,未知句型,
最终的结果都是耗尽有机体的养分,肯定句,
破坏器官,未知句型,
导致其寄宿体的死亡,未知句型,
他主张废除那些“粗暴的”技术,未知句型,
如化石能源和核电,未知句型,
保留“温和的”技术,未知句型,
如太阳能和小水电,未知句型,
将大城市逐步解散,未知句型,
人口均匀分布于自给自足的小村镇中,未知句型,
以“温和技术”为基础,未知句型,
建立“新农业社会”,未知句型,
“他在吗,疑问句,对
”潘寒指指别墅的二楼问,未知句型,
申玉菲没有回答,否定句,
沉默地挡在他面前,未知句型,
“我要警告他,未知句型,
当然也要警告你,未知句型,
别逼我们,未知句型,
”潘寒冷冷地说,未知句型,
申玉菲仍没回答他,未知句型,
只是对出租车里的汪淼说：“走吧,肯定句,
没事,未知句型,
”然后示意司机开车,未知句型,
车发动后,未知句型,
汪淼再也没有听到他们说什么,否定句,
他回头远远地看到,未知句型,
灯光下申玉菲一直没让潘寒走进别墅,未知句型,
回到家已是深夜,肯定句,
汪淼在小区的门口走下出租车,未知句型,
一辆黑色桑塔纳紧贴着他刹住,未知句型,
车窗摇下,未知句型,
一股烟喷了出来,未知句型,
是大史,肯定句,
粗壮的身躯将驾驶座挤得满满的,未知句型,
“哇,未知句型,
汪教授,未知句型,
汪院士,未知句型,
这两天过得可好,未知句型,
”,未知句型,
“你在跟踪我,未知句型,
真无聊,未知句型,
”,未知句型,
“别误会,未知句型,
我要是直直开过去不就完了,肯定句,
讲个礼貌打个招呼你还当成驴肝肺了,未知句型,
”大史露出他的特色傻笑,未知句型,
一副无赖相,未知句型,
“咋的,未知句型,
那边看到什么有用的信息没,未知句型,
交流交流,未知句型,
”,未知句型,
“我说过,未知句型,
我和你们没关系了,未知句型,
今后请不要跟踪我,否定句,
”,未知句型,
“得——”大史开动了车子,未知句型,
“好像我愿意挣这俩夜班外勤费似的,未知句型,
球赛都耽误了,未知句型,
”,未知句型,
汪淼走进家门,未知句型,
妻儿已经睡了,未知句型,
他听到妻子在床上不安地翻身,否定句,
嘴里发出模糊不清的声音,否定句,
丈夫今天怪异的举动,未知句型,
不知会给她带来怎样的噩梦,否定句,
汪淼吃了两片利眠灵,未知句型,
躺到床上,未知句型,
过了很长时间才艰难地进入梦乡,未知句型,
他的梦境很纷乱,未知句型,
但其中的一个东西却恒定地存在着：幽灵倒计时,未知句型,
其实,未知句型,
倒计时在梦中出现是汪淼早就预料到的事,肯定句,
梦境中,未知句型,
他疯狂地击打悬浮在半空的倒计时,未知句型,
撕它、咬它,未知句型,
但一切击打都无力地穿透了它,未知句型,
它就悬在梦境正中,未知句型,
坚定地流逝着,未知句型,
它使汪淼烦躁至极,未知句型,
终于从梦中醒来,未知句型,
他睁开眼,未知句型,
看到了模糊的天花板,未知句型,
外面城市的灯光透过窗帘,未知句型,
在上面投出黯淡的光晕,未知句型,
但有一样东西从梦中跟随他到现实中：幽灵倒计时,未知句型,
倒计时仍在他睁开的眼睛前显现,未知句型,
数字很细,未知句型,
但很亮,未知句型,
发出一种烧灼的白光,未知句型,
1185:11:34、1185:11:33、1185:11:32、1185:11:31……,未知句型,
汪淼转转头,未知句型,
看到了卧室中模糊的一切,未知句型,
确认自己已经醒来,未知句型,
倒计时没有消失,否定句,
他闭上双眼,未知句型,
倒计时仍显现在他那完全黑暗的视野中,未知句型,
像黑天鹅绒上发亮的水银,未知句型,
他再次睁眼,未知句型,
并揉揉眼睛,未知句型,
倒计时仍没有消失,否定句,
不管他的视线如何移动,否定句,
那一串数字稳稳地占据着视野的正中央,未知句型,
一股莫名的恐惧使汪淼猛地坐起来,未知句型,
倒计时死死跟随着他,未知句型,
他跳下床,未知句型,
冲到窗前,未知句型,
扯开窗帘,未知句型,
推开窗,未知句型,
外面沉睡中的城市仍然灯光灿烂,未知句型,
倒计时就在这广阔的背景前显现着,未知句型,
像电影画面上的字幕,未知句型,
一时间,未知句型,
汪淼感到自己窒息了,未知句型,
不由发出一声低沉的惊叫,否定句,
面对被惊醒的妻子恐慌的探问,被字句,
他努力使自己镇定下来,未知句型,
安慰妻子说没什么,未知句型,
又躺回床上,未知句型,
闭上眼睛,未知句型,
在幽灵倒计时的照耀下艰难地度过了剩下的夜晚,未知句型,
清晨起床后,未知句型,
汪淼努力使自己在家人面前显得正常些,未知句型,
但妻子还是看出了异样,肯定句,
问他的眼睛怎么了,未知句型,
是不是看不清东西,肯定句,
早饭后,未知句型,
汪淼向纳米中心请了假,未知句型,
开车去医院,未知句型,
一路上,未知句型,
幽灵倒计时无情地横在他眼中的现实世界前面,未知句型,
这东西会自动调节自己的亮度,未知句型,
在不同的背景上都清晰地显现出来,否定句,
汪淼甚至盯着初升的太阳,未知句型,
试图使倒计时被强光暂时隐没一会儿,被字句,
但没有用,否定句,
那串魔鬼数字竟在日轮上显现出来,未知句型,
这时它不是增加亮度,肯定句,
而是变成黑色,肯定句,
更加恐怖,未知句型,
同仁医院很难挂号,未知句型,
汪淼直接找了妻子的一个同学,未知句型,
一位著名的眼科专家,未知句型,
他没有说病情,否定句,
而是先让医生检查自己的眼睛,肯定句,
仔细检查了汪淼的双眼后,未知句型,
医生告诉他没有发现什么病变,否定句,
眼睛一切正常,未知句型,
“我的眼睛总是看见一个东西,肯定句,
不管你看哪里,否定句,
这东西都在,未知句型,
”汪淼说,未知句型,
同时,未知句型,
那串数字就横在医生脸前,未知句型,
1175:11:34、1175:11:33、1175:11:32、1175:11:31……,未知句型,
“飞蚊症,未知句型,
”医生说,未知句型,
同时抽出处方签开始写,未知句型,
“我们这年纪的常见眼病,未知句型,
晶状体混浊,未知句型,
不太好治,否定句,
但没什么要紧的,未知句型,
开些碘药水和维 D 吧,未知句型,
也许能吸收掉,未知句型,
但希望不大,否定句,
不过,否定句,
这确实没什么要紧的,肯定句,
只要你习惯了忽略视野里的那些杂物,未知句型,
对视力没什么影响,未知句型,
”,未知句型,
“你说的飞蚊症,未知句型,
那些……东西看上去是什么样子,肯定句,
”,未知句型,
“不规则,否定句,
因人而易,未知句型,
有时是小黑点儿,肯定句,
有时像蝌蚪,未知句型,
”,未知句型,
“如果看到的是一串数字呢,肯定句,
”,未知句型,
医生写处方的笔停了,未知句型,
“你看到一串数字,未知句型,
”,未知句型,
“是的,肯定句,
横在视野中心,未知句型,
”,未知句型,
医生推开纸和笔,未知句型,
关切地看着他,未知句型,
“一进来我就看出,未知句型,
你过度劳累,未知句型,
上次同学聚会,未知句型,
李瑶向我提起你,未知句型,
说你的工作压力很大,未知句型,
到我们这岁数,未知句型,
应该注意了,未知句型,
健康可透支不起了,否定句,
”,未知句型,
“你是说,肯定句,
我这是精神因素所致,肯定句,
”,未知句型,
医生点点头,未知句型,
“要是一般的病人,肯定句,
我就建议他去精神科了,未知句型,
其实没必要,未知句型,
没什么要紧的,未知句型,
就是太累了,肯定句,
休息几天吧,未知句型,
去度几天假,未知句型,
和李瑶、孩子,未知句型,
叫什么来着,未知句型,
豆豆吧,未知句型,
一起去,未知句型,
放心,未知句型,
很快会恢复的,未知句型,
”,未知句型,
1175:10:02、1175:10:01、1175:10:00,未知句型,
1175:09:59……,未知句型,
“我告诉你我看到的是什么,肯定句,
一个倒计时,未知句型,
一秒一秒,未知句型,
在精确地走,未知句型,
这会是精神因素,肯定句,
”,未知句型,
医生宽容地笑笑,未知句型,
“想知道精神因素能对视力影响到什么程度吗,疑问句,对
上个月我们收治了一个女孩儿,未知句型,
十五六岁吧,未知句型,
她在教室里突然间什么都看不见了,否定句,
完全失明,未知句型,
可经过所有检查,未知句型,
眼睛在生理上完全正常,未知句型,
后来精神科的专家对她进行了一个月的心理治疗,未知句型,
又是突然间,肯定句,
她的眼睛恢复到正常的视力,未知句型,
”,未知句型,
汪淼知道在这里是浪费时间,肯定句,
他起身要走,未知句型,
最后说：“好吧,未知句型,
不管我的眼睛,否定句,
我只有一个问题想请教你：有什么外力,未知句型,
能通过远程作用使人看到什么吗,疑问句,对
”,未知句型,
医生想了想说：“有,未知句型,
我前一阵儿参加神舟19 号的医疗组,未知句型,
曾有航天员报告说,未知句型,
他们在舱外工作时看到了并不存在的闪光,否定句,
以前国际空间站上的航天员报告过类似情况,未知句型,
都是在太阳活动剧烈的时候,肯定句,
太空中的高能粒子打到视网膜上,未知句型,
人就看到闪耀,未知句型,
不过你说的看到数字,否定句,
还是倒计时,肯定句,
绝无可能是这个原因,肯定句,
”汪淼恍惚地走出医院,未知句型,
倒计时就在他眼前,未知句型,
他似乎在跟着它走,未知句型,
跟着一个死死缠着他的鬼魂,未知句型,
他买了一副墨镜戴上,未知句型,
仅仅是为了不让别人看到自己梦游般迷离的眼神,肯定句,
汪淼走进纳米中心的主体实验室,未知句型,
进门之前没忘记把墨镜摘下来,把字句,对
尽管这样,未知句型,
遇见他的同事都对他的精神状态露出担心的神色,未知句型,
在实验大厅中央,未知句型,
汪淼看到反应黑箱仍在运行中,未知句型,
这台巨型设备的主体是汇集了大量管道的一个球体,肯定句,
代号叫“飞刃”的超强度纳米材料已经生产出来,未知句型,
但是用分子建筑术制造的,肯定句,
就是用分子探针将材料分子像砌砖那样一个个垒砌起来,肯定句,
这样的工艺要耗费大量的资源,未知句型,
那些产品可以说是世界上最贵重的珍宝了,肯定句,
根本无法进行量产,未知句型,
实验室现在做的,未知句型,
就是试图通过一种催化反应来代替分子建筑法,肯定句,
使巨量的分子在反应中同时完成筑砌,未知句型,
试验就是在反应黑箱中进行的,肯定句,
这台设备可以在数量庞大的成分组合上进行反应试验,肯定句,
这样数量的组合如果用传统的人工操作可能上百年也做不完,否定句,
但在反应黑箱中可以快速自动进行,肯定句,
同时,未知句型,
这是一种集现实反应与数字模拟一体化的设备,肯定句,
当合成进行到一定程度时,未知句型,
计算机会根据反应的阶段性结果建立起合成反应的数字模型,未知句型,
将剩下的反应进程用数字模拟代替,未知句型,
大大提高了实验效率,未知句型,
实验主任见到汪淼后,未知句型,
急匆匆走过来,未知句型,
开始汇报反应黑箱刚出现的一系列故障,未知句型,
这是近来汪淼上班就遇到的事,肯定句,
现在,未知句型,
反应黑箱连续运行了一年多,未知句型,
许多传感器灵敏度下降,未知句型,
误差增大,未知句型,
急需停机维护,未知句型,
但身为项目首席科学家的汪淼坚持做完第三批合成组合再停机,未知句型,
工程师们只好在反应黑箱上加入越来越多的补偿修正装置,未知句型,
到现在这些装置本身也需要补偿修正,未知句型,
搞得整个项目组疲惫不堪,否定句,
但主任小心翼翼地没提停机和暂停试验的事,未知句型,
怕汪淼又像上几次那样大发雷霆,未知句型,
他只是把困难都摆出来,肯定句,
意思也很明白,未知句型,
汪淼抬头看看反应黑箱,未知句型,
觉得它像一个子宫,未知句型,
工程师们正围着它忙碌,未知句型,
艰难地维持着正常的运行,未知句型,
在这场景前面,未知句型,
叠现着幽灵倒计时,未知句型,
1174:21:11、1174:21:10、1174:21:09、1174:21:08……,未知句型,
停下来试试,未知句型,
汪淼脑海中突然响起申玉菲的话,未知句型,
“全面更新外围传感系统需要多长时间,未知句型,
”他问,未知句型,
“四五天吧,未知句型,
”实验主任突然看到了希望,未知句型,
赶紧加一句,未知句型,
“快些干,未知句型,
三天就行,未知句型,
汪总,未知句型,
我保证,未知句型,
”,未知句型,
我并没有屈服,否定句,
设备确实需要维修,肯定句,
因而试验必须暂停,未知句型,
与别的无关,未知句型,
汪淼在心里对自己说,未知句型,
然后转向主任,未知句型,
透过倒计时的数字看着他,未知句型,
“把试验停下来吧,把字句,对
停机维修,未知句型,
就照你说的时间表,未知句型,
”,未知句型,
“好的汪总,未知句型,
我会很快给你一份更新方案,未知句型,
下午就能停机了,未知句型,
”主任兴奋地说,未知句型,
“现在就停吧,未知句型,
”,未知句型,
主任像不认识似的看着汪淼,否定句,
但旋即恢复了兴奋状态,未知句型,
好像生怕失掉这个机会似的,未知句型,
他拿起电话下了停机命令,未知句型,
项目组里那些疲惫的研究员和工程师一下子都兴奋起来,未知句型,
开始按程序扳动上百个复杂的开关,未知句型,
众多的监控屏一个接一个地黑了下来,未知句型,
最后,未知句型,
主监控屏上显示了停机状态,未知句型,
几乎与此同时,未知句型,
汪淼眼前的倒计时停止了走动,未知句型,
数字固定为1174:20:35,未知句型,
几秒钟后,未知句型,
数字闪动了几下,未知句型,
消失了,未知句型,
当没有幽灵倒计时覆盖的现实重现眼前时,否定句,
汪淼长出了一口气,未知句型,
像刚从水底挣扎出来一样,未知句型,
他无力地坐下,未知句型,
很快意识到旁边还有人在看着他,未知句型,
他对实验主任说：“系统更新是设备部的事,肯定句,
你们实验组的人好好休息几天吧,未知句型,
这一阵大家都辛苦了,未知句型,
”,未知句型,
“汪总,未知句型,
你也太累了,未知句型,
这里有张总工程师盯着,未知句型,
你也回家好好休息一下吧,未知句型,
”,未知句型,
“是啊,肯定句,
太累了,未知句型,
”汪淼无力地说,未知句型,
待他离开后,未知句型,
拿起电话,未知句型,
拨了申玉菲的号码,未知句型,
只响了一声铃她就接了,未知句型,
“你们背后是什么,肯定句,
”汪淼问,未知句型,
尽量使自己的声音冷静一些,未知句型,
但没有做到,否定句,
沉默,未知句型,
“倒计时的尽头是什么,肯定句,
”,未知句型,
沉默,未知句型,
“你在听吗,疑问句,对
”,未知句型,
“在,未知句型,
”,未知句型,
“高强度纳米材料怎么了,未知句型,
这不是高能加速器,肯定句,
只是一项应用研究,肯定句,
值得这样关注么,未知句型,
”,未知句型,
“什么值得关注,未知句型,
不应由我们来判断,否定句,
”,未知句型,
“够了,未知句型,
”汪淼大吼一声,未知句型,
心中的恐惧和绝望突然化为疯狂的怒气,未知句型,
“你们以为这点小魔术就能骗得了我,未知句型,
就能阻止技术进步,未知句型,
我承认一时无法做出技术上的解释,未知句型,
但那是因为我还没有绕到那个可耻魔术师的背后,肯定句,
”,未知句型,
“你的意思,未知句型,
是想在更大的尺度上看到倒计时,肯定句,
”,未知句型,
申玉菲的话让汪淼愣了一下,未知句型,
他对这个问题没有准备,否定句,
于是强迫自己冷静下来,肯定句,
以免落入圈套,未知句型,
“收起你那套把戏吧,把字句,错
大尺度又怎么样,未知句型,
你们同样可以玩魔术,肯定句,
可以向天空投映全息图像,肯定句,
就像上一次战争中北约做的那样,未知句型,
强力激光甚至可以将图像映满整个月球表面,肯定句,
射手和农场主应该能够玩弄人类力不能及的更大尺度,否定句,
比如,未知句型,
倒计时能够显示到太阳表面吗,疑问句,对
”话刚说完,未知句型,
汪淼吃惊地张大了嘴,未知句型,
他竟在下意识中说出了那两个这时应十分忌讳的名词,未知句型,
还好,未知句型,
没有说出更忌讳的那个,否定句,
他想争取更多的主动性,未知句型,
于是接着说,肯定句,
“考虑到某种我还没想到的可能性,未知句型,
即使在太阳的尺度上,未知句型,
你们那个可耻魔术师仍有可能耍魔术,未知句型,
那种力量要真正令人信服,未知句型,
显示的尺度还需更大些,未知句型,
”,未知句型,
“问题是你能承受得了吗,肯定句,
我们是朋友,肯定句,
我想帮你,未知句型,
别走杨冬的路,未知句型,
”,未知句型,
听到这个名字,未知句型,
汪淼不由打了个寒战,否定句,
但随之而来的愤怒又使他不顾一切了：“能接受这个挑战吗,否定句,
”,未知句型,
“能,未知句型,
”,未知句型,
“你想怎么样,未知句型,
”汪淼的声音变得无力了,未知句型,
“你旁边有上网的电脑吗,疑问句,对
好,未知句型,
进这个网址：http://www.qsl.net/bg3tt/zl/mesdm.htm,未知句型,
打开了吗,疑问句,对
把网页打印出来,把字句,对
随身带着,未知句型,
”,未知句型,
汪淼看到网页上显示的只是一张莫尔斯电码对照表,肯定句,
“我不明白,否定句,
这是……”,肯定句,
“在以后的两天内,未知句型,
设法找到一个能够观测宇宙背景辐射的地方,未知句型,
具体的请看我随后发给你的电子邮件,未知句型,
”“这是……干什么呢,肯定句,
”“我知道纳米研究项目已经停了,未知句型,
你打算重新启动它吗,疑问句,对
”“当然,未知句型,
三天以后,未知句型,
”“那倒计时将继续,未知句型,
”“我将在什么尺度上看到它,未知句型,
”,未知句型,
沉默良久,未知句型,
这个为某种超出人类理解力的力量代言的女人,未知句型,
冷酷地封死了汪淼的一切出路,未知句型,
“三天后,未知句型,
也就是十四日,肯定句,
在凌晨一点钟至五点钟,未知句型,
整个宇宙将为你闪烁,未知句型,
”,未知句型,
4.三体、周文王、长夜,未知句型,
汪淼拨通了丁仪的电话,未知句型,
对方接听后,未知句型,
他才想起现在已是凌晨一点多了,肯定句,
“我是汪淼,肯定句,
真对不起,否定句,
这么晚打扰,未知句型,
”,未知句型,
“没关系,未知句型,
我正失眠,未知句型,
”,未知句型,
“我……遇到一些事,未知句型,
想请你帮个忙,未知句型,
你知道国内有观测宇宙背景辐射的机构吗,疑问句,对
”汪淼产生了一种倾诉的欲望,未知句型,
但旋即觉得幽灵倒计时之事目前还是不要让更多的人知道为好,肯定句,
“宇宙背景辐射,未知句型,
你怎么对这个有雅兴,未知句型,
看来你真的遇到一些事了……你去看过杨冬的母亲吗,疑问句,对
”,未知句型,
“啊——真对不起,否定句,
我忘了,未知句型,
”,未知句型,
“没关系,未知句型,
现在科学界,未知句型,
很多人都……像你说的那样遇到了一些事,未知句型,
心不在焉的,否定句,
不过你最好还是去看看她,肯定句,
她年纪大了,未知句型,
又不愿雇保姆,否定句,
要是有什么费力气的事麻烦你帮着干干……哦,肯定句,
宇宙背景辐射的事,未知句型,
你正好可以去找杨冬的母亲问问,肯定句,
她退休前是搞天体物理专业的,肯定句,
与国内的这类研究机构很熟,未知句型,
”,未知句型,
“好好,未知句型,
我今天下班就去,未知句型,
”,未知句型,
“那先谢谢了,未知句型,
我是真的无法再面对与杨冬有关的一切了,肯定句,
”,未知句型,
打完电话后,未知句型,
汪淼坐到电脑前,未知句型,
开始打印网页上显示的那张很简单的莫尔斯电码对照表,未知句型,
这时他已经冷静下来,未知句型,
将思绪从倒计时上移开,未知句型,
想着关于“科学边界”和申玉菲的事,未知句型,
想到她玩的网络游戏,未知句型,
关于申玉菲,未知句型,
他能肯定的唯一一件事就是她不是爱玩游戏的人,肯定句,
这个说话如电报般精简的女人给他唯一的印象就是冷,肯定句,
她的冷与其他的某些女性不同,否定句,
不是一张面具,肯定句,
而是从里到外冷透了,肯定句,
汪淼总是下意识地将她与早已消失的DOS操作系统联系在一起,肯定句,
一面空荡荡的黑屏幕,未知句型,
只有一个简单得不能再简单的“ C:>”提示符在闪动,否定句,
你输入什么它就输出什么,未知句型,
一个字都不会多,否定句,
也不会有变化,否定句,
现在他知道,未知句型,
“C:>”提示符后面其实是一个无底深渊,肯定句,
她真会有兴致玩游戏,未知句型,
而且是戴着 V 装具玩儿,肯定句,
她没有孩子,否定句,
那套V 装具只能是自己买回去用的,肯定句,
这有些不可思议,否定句,
汪淼在浏览器的地址栏中输入那个很容易记住的游戏网址：www.threebody.com,未知句型,
网页上显示该游戏只支持 V 装具方式,未知句型,
汪淼想起了纳米中心的职工娱乐室里好像有一套 V 装具,未知句型,
就走出已经空荡荡的中心实验大厅,未知句型,
去值班室要了钥匙,未知句型,
在娱乐室中穿过一排台球桌和健身器材,未知句型,
在一台电脑旁找到了 V 装具,未知句型,
费了很大劲才把感应服穿上,把字句,对
然后戴上显示头盔,未知句型,
启动电脑,未知句型,
启动游戏后,未知句型,
汪淼置身于一片黎明之际的荒原,未知句型,
荒原呈暗褐色,未知句型,
细节看不清楚,否定句,
远方地平线上有一小片白色的曙光,未知句型,
其余的天空则群星闪烁,未知句型,
一声巨响,未知句型,
两座发着红光的山峰砸落在远方的大地上,未知句型,
整个荒原笼罩在红色光芒之中,未知句型,
被激起的遮天蔽日的尘埃散去后,被字句,
汪淼看清了那两个顶天立地的大字：三体,未知句型,
随后出现了一个注册界面,未知句型,
汪淼用“海人”这个 ID 注册,未知句型,
然后成功登录,未知句型,
荒原依旧,未知句型,
但V 装具感应服中的压缩机咝咝地启动了,未知句型,
汪淼感到一股逼人的寒气,未知句型,
前方出现了两个行走的人影,未知句型,
在曙光的背景前呈黑色的剪影,未知句型,
汪淼追了上去,未知句型,
他看到两人都是男性,肯定句,
披着破烂的长袍,未知句型,
外面还裹着一张肮脏的兽皮,未知句型,
都带着一把青铜时代那种又宽又短的剑,把字句,错
其中一人背着一只有他一半高的细长的木箱子,未知句型,
那人扭头看看汪淼,未知句型,
他的脸像那兽皮一样脏和皱,未知句型,
双眼却很有神,未知句型,
眸子映着曙光,未知句型,
“冷啊,未知句型,
”他说,未知句型,
“是,肯定句,
真冷,未知句型,
”汪淼附和道,未知句型,
“这是战国时代,肯定句,
我是周文王,肯定句,
”那人说,未知句型,
“周文王不是战国时代的人吧,肯定句,
”汪淼问,未知句型,
“他一直活到现在呢,未知句型,
纣王也活着,未知句型,
”另一个没背箱子的人说,未知句型,
“我是周文王的追随者,肯定句,
我的ID 就叫‘周文王追随者’,未知句型,
他可是个天才,肯定句,
”,未知句型,
“我的ID 是‘海人’,肯定句,
”汪淼说,未知句型,
“您背的是什么,肯定句,
”,未知句型,
周文王放下那只长方形木箱,未知句型,
将一个立面像一扇门似的打开,未知句型,
露出里面的五层方格,未知句型,
借着晨曦的微光,未知句型,
汪淼看到每层之间都有高低不等的一小堆细沙,否定句,
每格中都有从上一格流下的一道涓细的沙流,未知句型,
“沙漏,未知句型,
八小时漏完一次,未知句型,
颠倒三次就是一天,肯定句,
不过我常常忘了颠倒,否定句,
要靠追随者提醒,未知句型,
”周文王介绍说,未知句型,
“你们好像是在长途旅行,肯定句,
有必要背这么笨重的计时器吗,疑问句,
”,未知句型,
“那怎么计时呢,未知句型,
”,未知句型,
“拿个小型的日晷多方便,未知句型,
或者干脆只看太阳也能知道大概的时间,未知句型,
”,未知句型,
周文王和追随者面面相觑,未知句型,
然后一起盯着汪淼,未知句型,
好像他是个白痴,肯定句,
“太阳,未知句型,
看太阳怎么能知道时间,未知句型,
这可是乱纪元,肯定句,
”,未知句型,
汪淼正要询问这个怪异名词的含义,未知句型,
追随者哀鸣道：“真冷啊,未知句型,
冷死我了,未知句型,
”,未知句型,
汪淼也觉得冷,未知句型,
但他不能随便脱下感应服,否定句,
一般情况下,未知句型,
那样做会被游戏注销ID 的,被字句,
他说：“太阳出来就会暖和些的,未知句型,
”,未知句型,
“你在冒充伟大的先知吗,疑问句,
连周文王都不算先知呢,否定句,
”追随者冲汪淼不屑地摇摇头,否定句,
“这需要先知吗,疑问句,
谁还看不出来太阳一两个小时后就会升起,否定句,
”汪淼指指天边说,未知句型,
“这是乱纪元,肯定句,
”追随者说,未知句型,
“什么是乱纪元,肯定句,
”,未知句型,
“除了恒纪元,未知句型,
都是乱纪元,肯定句,
”周文王说,未知句型,
像回答一个无知孩童的提问,未知句型,
果然,未知句型,
天边的晨光开始暗下去,未知句型,
很快消失了,未知句型,
夜幕重新笼罩了一切,未知句型,
苍穹星光灿烂,未知句型,
“原来现在是黄昏不是早晨,肯定句,
”汪淼问,未知句型,
“是早晨,肯定句,
早晨太阳不一定能升起,否定句,
这是乱纪元,肯定句,
”,未知句型,
寒冷使汪淼很难受,未知句型,
“看这样子,未知句型,
太阳要很长时间以后才会升出来,未知句型,
”他哆嗦着指指模糊的地平线说,未知句型,
“你怎么又会有这种想法,未知句型,
那可不一定,否定句,
这是乱纪元,肯定句,
”追随者说着转向周文王,未知句型,
“姬昌,未知句型,
给我些鱼干吃吧,未知句型,
”,未知句型,
“不行,否定句,
”周文王断然说道,未知句型,
“我也是勉强吃饱,肯定句,
要保证我能走到朝歌,未知句型,
而不是你,肯定句,
”,未知句型,
说话间,未知句型,
汪淼注意到另一个方向的地平线又出现了曙光,未知句型,
他分不清东南西北,否定句,
但肯定不是上次出现时的方向,肯定句,
这曙光很快增强,未知句型,
不一会儿,否定句,
这个世界的太阳升起来了,未知句型,
是一颗蓝色的小太阳,肯定句,
很像增强了亮度的月亮,未知句型,
但还是让汪淼感到了一丝温暖,肯定句,
并看清了大地的细节,未知句型,
但这个白昼很短暂,未知句型,
太阳在地平线上方划了一道浅浅的弧形就落下了,未知句型,
夜色和寒冷又笼罩了一切,未知句型,
三人在一棵枯树前停下,未知句型,
周文王和追随者拔出青铜剑来砍柴,未知句型,
汪淼将碎柴收集到一块,未知句型,
追随者拿出火镰,未知句型,
噼啪、噼啪打了好一阵,未知句型,
升起了一堆火,未知句型,
汪淼的感应服的前胸部分变暖和了,未知句型,
但背后仍然冰冷,未知句型,
“烧些脱水者,未知句型,
火才旺呢,未知句型,
”追随者说,未知句型,
“住嘴,未知句型,
那是纣王干的事,肯定句,
”,未知句型,
“反正路上那些散落的,未知句型,
都破成那样,未知句型,
泡不活了,否定句,
如果你的理论真能行,未知句型,
别说烧一些,未知句型,
吃一些都成,未知句型,
与那理论相比,未知句型,
几条命算什么,未知句型,
”,未知句型,
“胡说,未知句型,
我们是学者,肯定句,
”,未知句型,
篝火燃尽后,未知句型,
三人继续赶路,未知句型,
由于他们之间交谈很少,未知句型,
系统加快了游戏时间的流逝速度,未知句型,
周文王很快将背上的沙漏翻了六下,未知句型,
转眼间两天过去了,未知句型,
太阳还没有升起过一次,否定句,
甚至天边连曙光的影子都没有,否定句,
“看来太阳不会出来了,否定句,
”汪淼说,未知句型,
同时调出游戏界面来看了一下自己的HP,未知句型,
它正因寒冷而迅速减小,未知句型,
“你又冒充伟大的先知了……”追随者说,未知句型,
汪淼和他一起说出了后半句,未知句型,
“这是乱纪元,肯定句,
”,未知句型,
这话说完不久,否定句,
天边真的出现了曙光,未知句型,
并且迅速增强,未知句型,
转眼间太阳就升了起来,未知句型,
汪淼发现这次升起的是一颗大太阳,肯定句,
当它升至一半时,未知句型,
直径占了视野内至少五分之一的地平线,未知句型,
暖流扑面而来,未知句型,
令汪淼心旷神怡,未知句型,
但他看周文王和追随者时,未知句型,
发现他们都一脸惊恐,未知句型,
仿佛魔鬼降临,未知句型,
“快,未知句型,
找阴凉地儿,未知句型,
”追随者大喊,未知句型,
汪淼跟着他们飞奔,未知句型,
跑到了一处低矮的岩石后面蹲下来,未知句型,
岩石的阴影在渐渐缩短,未知句型,
周围的大地像处于白炽状态般刺眼,未知句型,
脚下的冻土迅速融化,未知句型,
由坚硬如铁变成泥泞一片,未知句型,
热浪滚滚,未知句型,
汪淼很快出汗了,未知句型,
当大太阳升到头顶正上方时,未知句型,
三人用兽皮蒙住头,未知句型,
强光仍如利箭般从所有缝隙和孔洞中射进来,未知句型,
三人绕着岩石挪到另一边,未知句型,
躲进那边刚刚出现的阴影中……太阳落山后,未知句型,
空气依然异常闷热,未知句型,
大汗淋漓的三人坐在岩石上,未知句型,
追随者沮丧地说：“乱纪元旅行,未知句型,
真是在地狱里走路,肯定句,
我受不了了,否定句,
再说我也没吃的了,未知句型,
你不分我些鱼干,否定句,
又不让吃脱水者,否定句,
唉——”,未知句型,
“那你只能脱水了,未知句型,
”周文王说,未知句型,
一手用兽皮扇着风,未知句型,
“脱水以后,未知句型,
你不会扔下我吧,否定句,
”,未知句型,
“当然不会,否定句,
我保证把你带到朝歌,把字句,对
”,未知句型,
追随者脱下了被汗水浸湿的长袍,被字句,
赤身躺到泥地上,未知句型,
在落日的余晖中,未知句型,
汪淼看到追随者身上的汗水突然增加了,未知句型,
他很快知道那不是出汗,肯定句,
这人身体内的水分正在被彻底排出,被字句,
这些水在沙地上形成了几条小小的溪流,未知句型,
追随者的整个躯体如一根熔化的蜡烛在变软变薄……十分钟后水排完了,未知句型,
那躯体化为一张人形的软皮一动不动地躺在泥地上,否定句,
面部的五官都模糊不清了,否定句,
“他死了呜,未知句型,
”汪淼问,未知句型,
他想起来了,未知句型,
一路上不时看到有这样的人形软皮,否定句,
有的已破损不全,否定句,
那就是不久前追随者想要用来烧火的脱水者,肯定句,
“没有,否定句,
”周文王说着,未知句型,
将追随者变成的软皮拎起来,未知句型,
拍了拍上面的土,未知句型,
放到岩石上将他(它)卷起来,未知句型,
就像卷一只放了气的皮球一般,未知句型,
“在水里泡一会儿,未知句型,
他就会恢复原状活过来,未知句型,
就像泡干蘑菇那样,未知句型,
”,未知句型,
“他的骨骼也变软了,未知句型,
”,未知句型,
“是的,肯定句,
都成了干纤维,未知句型,
这样便于携带,未知句型,
”,未知句型,
“这个世界中的每个人都能脱水吗,疑问句,
”,未知句型,
“当然,未知句型,
你也能,未知句型,
要不,否定句,
在乱纪元是活不下去的,肯定句,
”周文王将卷好的追随者递给汪淼,未知句型,
“你带着他吧,未知句型,
扔到路上不是被人烧了,肯定句,
就是吃了,肯定句,
”,未知句型,
汪淼接过软皮,未知句型,
很轻的一小卷,未知句型,
用胳膊夹着倒也没有什么异样的感觉,否定句,
汪淼夹着脱水的追随者,未知句型,
周文王背着沙漏,未知句型,
两人继续着艰难的旅程,未知句型,
同前几天一样,未知句型,
这个世界中的太阳运行得完全没有规律,否定句,
在连续几个严寒的长夜后,未知句型,
可能会突然出现一个酷热的白天,未知句型,
或者相反,未知句型,
两人相依为命,未知句型,
在篝火边抵御严寒,未知句型,
泡在湖水中度过酷热,未知句型,
好在游戏时间可以加快,肯定句,
一个月可以在半小时内过完,肯定句,
这使得乱纪元的旅程还是可以忍受的,肯定句,
这天,未知句型,
漫漫长夜已延续了近一个星期(按沙漏计时),未知句型,
周文王突然指着夜空欢呼起来：,未知句型,
“飞星,未知句型,
飞星,未知句型,
两颗飞星,未知句型,
”,未知句型,
其实,未知句型,
汪淼之前就注意到那种奇怪的天体,未知句型,
它比星星大,未知句型,
能显出乒乓球大小的圆盘形状,未知句型,
运行速度很快,未知句型,
肉眼能明显地看到它在星空中移动,未知句型,
只是这次出现了两个,肯定句,
周文王解释说：“两颗飞星出现,未知句型,
恒纪元就要开始了,未知句型,
”,未知句型,
“以前看到过的,未知句型,
”,未知句型,
“那只有一个,未知句型,
”,未知句型,
“最多只有两个吗,疑问句,
”,未知句型,
“不,否定句,
有时会有三个,未知句型,
但不会再多了,否定句,
”,未知句型,
“三颗飞星出现,未知句型,
是不是预示着更美好的纪元,肯定句,
”,未知句型,
周文王用充满恐惧的眼神瞪了汪淼一眼,未知句型,
“你在说什么呀,未知句型,
三颗飞星……祈祷它不要出现吧,否定句,
”,未知句型,
周文王的话没错,未知句型,
他们向往的恒纪元很快开始了,未知句型,
太阳升起落下开始变得有规律,未知句型,
一个昼夜渐渐固定在十八小时左右,未知句型,
日夜有规律的交替使天气变得暖和了一些,未知句型,
“恒纪元能持续多长时间,未知句型,
”汪淼问,未知句型,
“一天或一个世纪,未知句型,
每次多长谁都说不准,否定句,
”周文王坐在沙漏上,未知句型,
仰头看着正午的太阳,未知句型,
“据记载,未知句型,
西周曾有过长达两个世纪的恒纪元,未知句型,
唉,未知句型,
生在那个时代的人有福啊,未知句型,
”,未知句型,
“那乱纪元会持续多长时间呢,未知句型,
”,未知句型,
“不是说过嘛,肯定句,
除了恒纪元都是乱纪元,肯定句,
两者互为对方的间隙,未知句型,
”,未知句型,
“那就是说,肯定句,
这是一个全无规律的混乱世界,肯定句,
”,未知句型,
“是的,肯定句,
文明只能在较长的气候温暖的恒纪元里发展,未知句型,
大部分时间里,未知句型,
人类集体脱水存贮起来,未知句型,
当较长的恒纪元到来时,未知句型,
再集体浸泡复活,未知句型,
生产和建设,未知句型,
”,未知句型,
“那怎样预知每个恒纪元到来的时间和长短呢,未知句型,
”,未知句型,
“做不到,否定句,
从来没有做到过,否定句,
当恒纪元到来时,未知句型,
国家是否浸泡取决于大王的直觉,肯定句,
常常是：浸泡复活了,肯定句,
庄稼种下了,未知句型,
城镇开始修筑,未知句型,
生活刚刚开始,未知句型,
恒纪元就结束了,未知句型,
严寒和酷热就毁灭了一切,未知句型,
”周文王说到这里,未知句型,
一手指向汪淼,未知句型,
双眼变得炯炯有神,未知句型,
“好了,未知句型,
你已经知道了这个游戏的目标：就是运用我们的智力和悟性,肯定句,
分析研究各种现象,未知句型,
掌握太阳运行的规律,未知句型,
文明的生存就维系于此,未知句型,
”,未知句型,
“在我看来太阳运行根本就没有规律,否定句,
”,未知句型,
“那是因为你没能悟出世界的本原,肯定句,
”,未知句型,
“你悟出来了,未知句型,
”,未知句型,
“是的,肯定句,
这就是我去朝歌的目的,肯定句,
我将为纣王献上一份精确的万年历,未知句型,
”,未知句型,
“可这一路上,未知句型,
没看到你有这种能力,未知句型,
”,未知句型,
“对太阳运行规律的预测只能在朝歌做出,未知句型,
因为那里是阴阳的交汇点,肯定句,
只有在那里取的卦才是准确的,肯定句,
”两人又在严酷的乱纪元跋涉了很长时间,未知句型,
其间又经历了一次短暂的恒纪元,未知句型,
终于到达了朝歌,未知句型,
汪淼听到一种不间断的类似于雷声的轰鸣,否定句,
这声音是朝歌大地上许多奇怪的东西发出的,肯定句,
那是一座座巨大的单摆,肯定句,
每座都有几十米高,未知句型,
单摆的摆锤是一块块巨石,肯定句,
被一大束绳索吊在架于两座细高石塔间的天桥上,被字句,
每座单摆都在摇动中,未知句型,
驱动它们的是一群群身穿盔甲的士兵,肯定句,
他们合着奇怪的号子,未知句型,
齐力拉动系在巨石摆锤上的悬索,未知句型,
维持着它的摆动,未知句型,
汪淼发现,未知句型,
所有巨摆的摆动都是同步的,肯定句,
远远看去,未知句型,
这景象怪异得使人着迷,未知句型,
像大地上竖立着一座座走动的钟表,未知句型,
又像从天而降的许多巨大、抽象的符号,未知句型,
在巨摆的环绕下,未知句型,
有一座巨大的金字塔,未知句型,
夜幕中如同一座高耸的黑山,未知句型,
这就是纣王的宫殿,肯定句,
汪淼跟着周文王走进了金字塔基座上的一个不高的洞门,否定句,
门旁几名守卫的士兵在黑暗中如幽灵般无声地徘徊,未知句型,
他们沿着一条长长的隧道向里走,未知句型,
隧道窄而黑,未知句型,
间隔很远才有一枝火炬,未知句型,
“在乱纪元,未知句型,
整个国家在脱水中,未知句型,
但纣王一直醒着,未知句型,
陪伴着这片没有生机的国土,否定句,
要想在乱纪元生存,未知句型,
就得居住在这种墙壁极厚的建筑中,未知句型,
几乎像住在地下,未知句型,
才能避开严寒和酷热,未知句型,
”周文王边走边对汪淼解释,未知句型,
走了很长的路,未知句型,
才进入了纣王位于金字塔中心的大殿,未知句型,
其实这里并不大,否定句,
很像一个山洞,未知句型,
身披一大张花兽皮坐在一处高台上的人显然是纣王了,肯定句,
但首先吸引汪淼目光的是一位黑衣人,肯定句,
他的黑衣几乎与大殿中浓重的阴影融为一体,未知句型,
那张苍白的脸仿佛是浮在虚空中,肯定句,
“这是伏羲,肯定句,
”纣王对刚进来的周文王和汪淼介绍那位黑衣人,未知句型,
仿佛他们一直就在那儿似的,未知句型,
而黑衣人才是新来的,肯定句,
“他认为,未知句型,
太阳是脾气乖戾的大神,肯定句,对
他醒着的时候喜怒无常,未知句型,
是乱纪元,肯定句,对
睡着时呼吸均匀,未知句型,
是恒纪元,肯定句,对
伏羲建议竖起了外面的那些大摆,未知句型,
日夜不停地摆动,否定句,
声称这对太阳神有强烈的催眠作用,未知句型,
能使其陷入漫长的昏睡,未知句型,
但直到现在,未知句型,
我们看到太阳神仍醒着,未知句型,
最多只是不时打打盹儿,肯定句,对
”,未知句型,
纣王挥了一下手,未知句型,
有人端来一个陶罐,未知句型,
放到伏羲面前的小石台上——汪淼后来知道,未知句型,
那是一罐调味料,肯定句,对
伏羲长叹一声,未知句型,
端起陶罐喝下去,未知句型,
那咕咚咕咚的声音仿佛黑暗深处有一颗硕大的心脏在跳动,未知句型,
喝了一半后,未知句型,
他将剩下的调味料倒在身上,未知句型,
然后扔下陶罐,未知句型,
走向大殿角落的一口架在火上的青铜大鼎,未知句型,
爬上鼎沿,未知句型,
他跳进大鼎,未知句型,
激起了一大团蒸气,未知句型,
“姬昌坐下,未知句型,
一会儿就开宴,未知句型,
”纣王指指那口大鼎说,未知句型,
“愚蠢的巫术,未知句型,
”周文王朝大鼎偏了下头,未知句型,
轻蔑地说,未知句型,
“你对太阳悟出了什么,未知句型,
”纣王问,未知句型,
火光在他的双眸中跳动,未知句型,
“太阳不是大神,肯定句,错
太阳是阳,肯定句,对
黑夜是阴,肯定句,对
世界是在阴阳平衡中运转的,肯定句,对
这不在我们的控制之中,否定句,
但可以预测,肯定句,对
”周文王说着,未知句型,
抽出青铜剑,未知句型,
在火炬照到的地板上画出了一对大大的阴阳鱼,未知句型,
然后以令人目眩的速度在周围画出了六十四卦,未知句型,
看上去如同火光中时隐时现的大年轮,未知句型,
“大王,未知句型,
这就是宇宙的密码,肯定句,对
借助它,未知句型,
我将为您的王朝献上一部精确的万年历,未知句型,
”“姬昌啊,未知句型,
我现在急需知道的,未知句型,
是下一个长恒纪元什么时候到来,肯定句,对
”,未知句型,
“我将立刻为您占卜,未知句型,
”周文王说着,未知句型,
走到阴阳鱼中央盘腿坐下,未知句型,
抬头望着大殿的顶部,未知句型,
目光仿佛穿透了厚厚的金字塔看到了星空,未知句型,
他的双手手指同时在进行着复杂的运动,未知句型,
组合成一部高速运转的计算器,未知句型,
寂静中,未知句型,
只有大鼎中的汤发出咕嘟咕嘟的声响,未知句型,
仿佛煮在汤中的巫师在梦呓,未知句型,
周文王从阴阳图中站起来,未知句型,
头仍仰着,未知句型,
说：“下面将是一段为期四十一天的乱纪元,肯定句,对
然后将出现为期五天的恒纪元,未知句型,
接下来是为期二十三天的乱纪元和为期十八天的恒纪元,肯定句,对
然后是为期八天的乱纪元,肯定句,对
当这段乱纪元结束后,未知句型,
大王,未知句型,
您所期待的长恒纪元就到来了,未知句型,
这个恒纪元将持续三年零九个月,未知句型,
其间气候温暖,未知句型,
是一个黄金纪元,肯定句,对
”,未知句型,
“我们首先需要证实一下你前面的预测,未知句型,
”纣王不动声色地说,否定句,
汪淼听到上方传来一阵轰隆隆的声音,未知句型,
大殿顶上的一块石板滑开,未知句型,
露出一处正方形的洞口,未知句型,
汪淼调整方向,未知句型,
看到这个方洞通到金字塔的外面,未知句型,
在这个方洞的尽头,未知句型,
汪淼看到了几颗闪烁的星星,未知句型,
游戏的时间加快了,未知句型,
由两名士兵看守的周文王带来的沙漏几秒钟就翻动一次,未知句型,
标志着八小时的流逝,未知句型,
上方的窗口无规律地闪烁起来,未知句型,
不时有一束乱纪元的阳光射进大殿,否定句,
有时很微弱,未知句型,
如月光一般,未知句型,
有时则十分强烈,未知句型,
投在地上的方形光斑白炽明亮,未知句型,
使所有的火炬黯然失色,未知句型,
汪淼数着沙漏翻动的次教,未知句型,
当翻到一百二十次左右时,未知句型,
阳光投进窗口的间隔变得规则了,未知句型,
预测中的第一个恒纪元到来,未知句型,
沙漏再翻动十五下后,未知句型,
窗口的闪烁又紊乱起来,未知句型,
乱纪元又开始了,未知句型,
然后又是恒纪元,肯定句,
然后又是乱纪元,肯定句,
它们的开始和持续时间虽然有些小误差,未知句型,
但与周文王的预测已是相当的吻合了,肯定句,
当最后一段为期八天的乱纪元结束后,未知句型,
他预言的长恒纪元开始了,未知句型,
汪淼数着沙漏的翻动,未知句型,
二十天过去了,未知句型,
射进大殿的日光仍遵循着精确的节奏,未知句型,
这时,未知句型,
游戏时间的流逝被调整到正常,被字句,
纣王向周文王点点头：“姬昌啊,未知句型,
我将为你竖起一座丰碑,未知句型,
比这座宫殿还要高大,未知句型,
”,未知句型,
周文王深鞠一躬：“我的大王,未知句型,
让您的王朝苏醒吧,未知句型,
繁荣吧,未知句型,
”,未知句型,
纣王在石台上站起身,未知句型,
张开双臂,未知句型,
仿佛要拥抱整个世界,未知句型,
他用一种很奇怪的歌唱般的音调喊道：“浸泡……”,未知句型,
听到这号令,未知句型,
大殿内的人都跑向洞门,未知句型,
在周文王的示意下,未知句型,
汪淼跟着他沿着长长的隧道向金字塔外走去,未知句型,
走出洞门,未知句型,
汪淼看到时值正午,未知句型,
太阳在当空静静地照耀着大地,未知句型,
微风吹过,未知句型,
他似乎嗅到了春天的气息,未知句型,
周文王和汪淼一同来到了距金字塔不远的一处湖畔,否定句,
湖面上的冰已融化了,未知句型,
阳光在微波间跳动,未知句型,
先出来的一队士兵高呼着：“浸泡,未知句型,
浸泡,未知句型,
”都奔向湖边一处形似谷仓的高大石砌建筑,未知句型,
在来的路上,未知句型,
汪淼不时在远处看到过这种建筑,否定句,
周文王告诉他那是“干仓”,肯定句,
是存贮脱水人的大型仓库,肯定句,
士兵们打开干仓的石门,未知句型,
从中搬出一卷卷落满灰尘的皮卷,未知句型,
他们每人都抱着、夹着好几个皮卷,未知句型,
走向湖边,未知句型,
将那些皮卷扔进湖中,未知句型,
那些皮卷一遇到水,未知句型,
立刻舒展开来,未知句型,
一时间,未知句型,
湖面上漂浮着一片似乎是剪出来的薄薄的人影,肯定句,
每一张“人片”都在迅速吸水膨胀,未知句型,
渐渐地,未知句型,
湖面上的“人片”都变成了圆润的肉体,未知句型,
这些肉体很快具有了生命的迹象,未知句型,
一个个挣扎着从齐腰深的湖水中站立起来,未知句型,
他们睁大如梦初醒的眼睛看着这风和日丽的世界,未知句型,
“浸泡,未知句型,
”一个人高呼起来,未知句型,
立刻引来了一片欢呼声：“浸泡,未知句型,
浸泡,未知句型,
”……这些人从湖中跑上岸,未知句型,
赤身裸体地奔向干仓,未知句型,
将更多的皮卷投入湖中,未知句型,
浸泡复活的人一群群从湖中跑出来,未知句型,
这一幕也发生在更远处的湖泊和池溏中,未知句型,
整个世界在复活,未知句型,
“噢,未知句型,
天啊,未知句型,
我的指头——”,未知句型,
汪淼顺着声音看去,未知句型,
见一个刚浸泡复活的人站在湖中,未知句型,
举着一只手哭喊道,未知句型,
那手缺了中指,未知句型,
血从手上断指处滴到湖中,未知句型,
其他复活者纷纷拥过他的身边,未知句型,
兴高采烈地奔向湖岸,未知句型,
没有人注意他,否定句,
“行了,未知句型,
你就知足吧,未知句型,
”一个经过的复活者说,未知句型,
“有人整条胳膊腿都没了,未知句型,
有人脑袋被咬了个洞,被字句,
如果再不浸泡,否定句,
我们怕是都要被乱纪元的老鼠啃光了,肯定句,
”,未知句型,
“我们脱水多长时间了,未知句型,
”另一位复活者问,未知句型,
“看看大王宫殿上积的沙尘有多厚就知道了,未知句型,
刚听说现在的大王已不是脱水前的大王了,肯定句,
不知是他的儿子还是孙子,肯定句,
”,未知句型,
浸泡持续了八天才完全结束,未知句型,
这时所有的脱水人都已复活,未知句型,
世界又一次获得了新生,未知句型,
这八天中,未知句型,
人们享受着每天二十个小时、周期准确的日出日落,未知句型,
沐浴在春天的气息里,未知句型,
所有人都衷心地赞美太阳、赞美掌管宇宙的诸神,未知句型,
第八天夜里,未知句型,
大地上的篝火比天上的星星都密,未知句型,
在漫长的乱纪元中荒废的城镇又充满了灯火和喧闹,未知句型,
同文明以前的无数次浸泡一样,未知句型,
所有人将彻夜狂欢,未知句型,
迎接日出后的新生活,未知句型,
但太阳再也没有升起来,否定句,
各种计时器都表明日出的时间已过,未知句型,
但各个方向的地平线都仍是漆黑一片,肯定句,
又过了十个小时,未知句型,
没有太阳的影子,否定句,
连最微弱的晨光都见不到,否定句,
一天过去了,未知句型,
无边的夜在继续着,未知句型,
两天过去了,未知句型,
寒冷像一只巨掌在暗夜中压向大地,未知句型,
“请大王相信我,未知句型,
这只是暂时的,肯定句,
我看到了宇宙中的阳在聚集,未知句型,
太阳就要升起来了,未知句型,
恒纪元和春天将继续,未知句型,
”金字塔的大殿里,未知句型,
周文王跪在纣王端坐的石台下哀求道,未知句型,
“还是把鼎烧上吧,肯定句,
”纣王叹了口气说,未知句型,
“大王,未知句型,
大王,未知句型,
”一名大臣从洞门里跌跌撞撞地跑进来,未知句型,
带着哭腔喊道,未知句型,
“天上,未知句型,
天上有三颗飞星,未知句型,
”,未知句型,
大殿中的所有人都惊呆了,未知句型,
空气仿佛凝固了,未知句型,
只有纣王仍然不动声色,否定句,
他转向以前一直不屑于搭理的汪淼,否定句,
“你还不知道出现三颗飞星意味着什么吧,否定句,
姬昌啊,未知句型,
告诉他,未知句型,
”,未知句型,
“这意味着漫长的严寒岁月,未知句型,
冷得能把石头冻成粉末,把字句,对
”周文王长叹一声,未知句型,
说,未知句型,
“脱水——”纣王又用那歌唱般的声音喊道,未知句型,
其实,未知句型,
在外面的大地上,未知句型,
人们早已开始陆续脱水,未知句型,
重新变成人干以度过漫漫长夜,未知句型,
他们中的幸运者被重新搬入干仓,被字句,
还有大量的人干被丢弃在旷野上,被字句,
周文王慢慢站起身,未知句型,
朝架在火上的青铜大鼎走去,未知句型,
他爬上鼎沿,未知句型,
跳进去前停了几秒钟,未知句型,
也许是看到伏羲煮得烂熟的脸正在汤中冲他轻笑,肯定句,
“用文火,未知句型,
”纣王无力地说,未知句型,
然后转向其他人,未知句型,
“该EXIT的就EXIT 吧,未知句型,
游戏到这儿已经没什么玩头了,未知句型,
”,未知句型,
洞门上方出现了发着红光的EXIT 标志,未知句型,
人们纷纷向那里走去,未知句型,
汪淼也跟随而去,未知句型,
穿过洞门和长长的隧道来到了金字塔外,未知句型,
看到黑夜里大雪纷飞,未知句型,
刺骨的寒风使他打了个冷颤,未知句型,
天空的一角显示出游戏的时间又加快了,未知句型,
十天后,未知句型,
雪仍在下着,未知句型,
但雪片大而厚重,未知句型,
像是凝结的黑暗,肯定句,
有人在汪淼耳边低声说：“这是在下二氧化碳干冰了,肯定句,
”汪淼扭头一看,未知句型,
是周文王的追随者,肯定句,
又过了十天,未知句型,
雪还在下,未知句型,
但雪花已变得薄而透明,未知句型,
在金字塔洞门透出的火炬的微光中呈现出一种超脱的淡蓝色,未知句型,
像无数飞舞的云母片,未知句型,
“这雪花已经是凝固的氧、氮了,肯定句,
大气正在绝对零度中消失,未知句型,
”,未知句型,
金字塔被雪埋了起来,被字句,
最下层是水的雪,肯定句,
中层是干冰的,肯定句,
上层是固态氧、氮的雪,肯定句,
夜空变得异常晴朗,未知句型,
群星像一片银色的火焰,未知句型,
一行字在星空的背景上出现：,未知句型,
这一夜持续了四十八年,未知句型,
第 137 号文明在严寒中毁灭了,未知句型,
该文明进化至战国层次,未知句型,
文明的种子仍在,未知句型,
它将重新启动,未知句型,
再次开始在三体世界中命运莫测的进化,未知句型,
欢迎您再次登录,未知句型,
退出前,未知句型,
汪淼最后注意到的是夜空中的三颗飞星,肯定句,
它们相距很近,未知句型,
相互围绕着,未知句型,
在太空深渊中跳着某种诡异的舞蹈,未知句型,
5.叶文洁,未知句型,
汪淼摘下 V 装具后,未知句型,
发现自己的内衣已被冷汗浸透了,被字句,
很像是从一场寒冷的噩梦中醒来,肯定句,
他走出纳米中心,未知句型,
下楼开车,未知句型,
按丁仪给的地址去杨冬的母亲家,未知句型,
乱纪元,未知句型,
乱纪元,未知句型,
乱纪元……,未知句型,
这个概念在汪淼的头脑中萦绕,未知句型,
为什么那个世界的太阳运行会没有规律,否定句,
一个颗状星的行星,未知句型,
不管其运行轨道是正圆还是偏长的椭圆,肯定句,
其围绕恒星的运动一定是周期性的,肯定句,
全无规律的运行是不可能的……汪淼突然对自己很恼火,肯定句,
他使劲地摇头想赶走头脑中的这一切,未知句型,
不过是个游戏嘛,肯定句,
但他失败了,未知句型,
乱纪元,未知句型,
乱纪元,未知句型,
乱纪元……,未知句型,
见鬼,未知句型,
别去想它,未知句型,
为什么非想它不可,否定句,
为什么,未知句型,
很快,未知句型,
汪淼找到了答案,未知句型,
他已经有很多年没有玩过电子游戏了,否定句,
这些年来电子游戏的软硬件技术显然已经进化了很多,未知句型,
其中的虚拟现实场景和附加效果都是他学生时代所无法比拟的,肯定句,
但汪淼明白,未知句型,
《三体》的真实不在于此,否定句,
记得在大三的一次信息课中,未知句型,
教授挂出了两幅大图片,未知句型,
一幅是画面庞杂精细的《清明上河图》,肯定句,
另一幅是一张空旷的天空照片,肯定句,
空荡荡的蓝天上只有一缕似有似无的白云,未知句型,
教授问这两幅画中哪一幅所包含的信息量更大,未知句型,
答案是后者要比前者大一至两个数量级,肯定句,
《三体》正是这样,肯定句,
它的海量信息是隐藏在深处的,肯定句,
汪淼能感觉到,未知句型,
但说不清,否定句,
他突然悟出,未知句型,
《三体》的不寻常在于,否定句,
与其他的游戏相比,未知句型,
它的设计者是反其道而行之——一般游戏的设计者都是尽可能地增加显示的信息量,肯定句,
以产生真实感,未知句型,
但《三体》的设计者却是在极力压缩信息量,肯定句,
以隐藏某种巨大的真实,未知句型,
就像那张看似空旷的天空照片,未知句型,
汪淼放松了思想的缰绳,未知句型,
任其回到《三体》世界,未知句型,
飞星,未知句型,
关键在于不引人注意的飞星,否定句,
一颗飞星,未知句型,
二颗飞星,未知句型,
三颗飞星……这分别意味着什么,未知句型,
正想着,未知句型,
车已开到他要去的小区大门了,未知句型,
在要去的那栋楼门口,未知句型,
汪淼看到一位六十岁左右的头发花白、身材瘦削的女性,未知句型,
戴着眼镜,未知句型,
提着一个大菜篮子吃力地上楼梯,未知句型,
他猜她大概就是自己要找的人,肯定句,
一问,未知句型,
她果然就是杨冬的母亲,肯定句,
叶文洁,未知句型,
听汪淼说明来意后,未知句型,
她露出发自内心的感动,未知句型,
她是汪淼常见到的那种老知识分子,肯定句,
岁月的风霜已消去了他们性情中所有的刚硬和火热,未知句型,
只剩下如水的柔和,未知句型,
汪淼拿过菜篮子同她一起上了楼,未知句型,
走进她的家门后发现,未知句型,
这里并不像他想象的那么冷清——有三个孩子在玩耍,否定句,
最大的不超过五岁,否定句,
小的刚会走路,未知句型,
杨母告诉汪淼,未知句型,
这都是邻居的孩子,肯定句,
“他们喜欢在我这儿玩儿,未知句型,
今天是星期天,肯定句,
他们的父母要加班,未知句型,
就把他们丢给我了……哦,把字句,
楠楠,未知句型,
你的画儿画完了吗,疑问句,
嗯,未知句型,
真好看,未知句型,
起个题目吧,未知句型,
太阳下的小鸭子,未知句型,
好,未知句型,
奶奶给你题上,未知句型,
再写上六月九日,未知句型,
楠楠作……中午你们都想吃什么呢,未知句型,
洋洋,未知句型,
烧茄子,未知句型,
好好,未知句型,
楠楠,未知句型,
昨天吃过的荷兰豆,未知句型,
好好,未知句型,
你呢,未知句型,
咪咪,未知句型,
肉肉,未知句型,
不,否定句,
你妈妈说了,未知句型,
不要吃那么多肉肉,否定句,
不好消化的,否定句,
吃鱼鱼好吗,疑问句,
看奶奶买回来的这么大的鱼鱼……”,未知句型,
她肯定想要孙子或孙女,肯定句,
但即使杨冬活着,未知句型,
会要孩子吗,疑问句,
看着杨母和孩子们投入地对话,未知句型,
汪淼心想,未知句型,
杨母将篮子提进厨房,未知句型,
出来后对汪淼说：“小汪啊,未知句型,
我先去把菜泡上,把字句,
现在的蔬菜农药残留很多,未知句型,
给孩子们吃至少要泡两小时以上……你可以先到冬冬的房间里看看,肯定句,
”,未知句型,
杨母最后一句看似无意的提议令汪淼陷入紧张和不安之中,否定句,
她显然看出了汪淼此行在内心深处的真正目的,未知句型,
她说完就转身回到厨房,未知句型,
没有看汪淼一眼,否定句,
自然看不到他的窘态,否定句,
她这几乎天衣无缝的善解人意令汪淼一阵感动,未知句型,
汪淼转身穿过快乐的孩子们,未知句型,
走向杨母刚才指向的那个房间,未知句型,
他在门前停住了,未知句型,
突然被一种奇异的感觉所淹没,被字句,
仿佛回到了少年多梦的时节,未知句型,
一如清晨露珠般晶莹脆弱的感受从记忆的深处中浮起,未知句型,
这里面有最初的伤感和刺痛,未知句型,
但都是玫瑰色的,肯定句,
汪淼轻轻推开门,未知句型,
扑面而来的淡淡的气息是他没有想到的,肯定句,
那是森林的气息,肯定句,
他仿佛进入了一间护林人的林间小屋,未知句型,
墙壁被一条条棕色的树皮覆盖着,被字句,
三只凳子是古朴的树桩,肯定句,
写字台也是由三个较大的树桩拼成的,肯定句,
还有那张床,未知句型,
铺的显然是东北的乌拉草,肯定句,
这一切都很粗糙、很随意,未知句型,
没有刻意表现出某种美感,否定句,
以杨冬的职位,未知句型,
她的收入是很高的,肯定句,
可以在任何一处高尚社区买下房子,肯定句,
可她一直同母亲住在这里,未知句型,
汪淼走到树桩写字台前,未知句型,
上面的陈设很简单,未知句型,
没有与学术有关的东西,否定句,
也没有与女性有关的东西,否定句,
也许都已经拿走了,未知句型,
也许从来就没在这里存在过,未知句型,
他首先注意到一张镶在木镜框中的黑白照片,未知句型,
是杨冬母女的合影,肯定句,
照片中的杨冬正值幼年,未知句型,
母亲蹲下正好同她一样高,未知句型,
风很大,未知句型,
将两人的头发吹到一起,未知句型,
照片的背景很奇怪,未知句型,
天空呈网格状,未知句型,
汪淼仔细察看支撑那网络的粗大的钢铁结构,未知句型,
推想那是一个抛物面天线或类似的东西,肯定句,
因为巨大,未知句型,
它的边缘超出了镜头,未知句型,
照片中,未知句型,
小杨冬的大眼睛中透出一种令汪淼心颤的恐惶,未知句型,
仿佛照片外的世界令她恐惧似的,未知句型,
汪淼注意到的第二件东西是放在写字台一角的一本厚厚的大本子,肯定句,
首先令他迷惑的是本子的材质,肯定句,
他看到封面上有一行稚拙的字：“杨冬的 huà(桦)皮本,未知句型,
”这才知道这本子是桦树皮做的,肯定句,
时光已经使银白色的桦皮变成暗黄,未知句型,
他伸手触了一下本子,未知句型,
犹豫了一下又缩了回来,未知句型,
“你看吧,未知句型,
那是冬冬小时候的画儿,肯定句,
”杨母在门口说,未知句型,
汪淼捧起桦皮本,未知句型,
轻轻地一页页翻看,未知句型,
每幅画上都有日期,未知句型,
明显是母亲为女儿注上的,肯定句,
就像他刚进门时看到的那样,未知句型,
汪淼又发现了一件多少让他不可理解的事：从画上的日期看,否定句,
这时的杨冬已经三岁多了,未知句型,
这么大的孩子通常都能够画出比较分明的人或物体的形状,未知句型,
但杨冬的画仍然只是随意纷乱的线条,肯定句,
汪淼从中看出了一种强烈的恼怒和绝望,未知句型,
一种想表达某种东西又无能为力的恼怒和绝望,未知句型,
这种感觉,未知句型,
是这种年龄的普通孩子所不具有的,肯定句,
杨母缓缓地坐到床沿上,未知句型,
双眼失神地看着汪淼手中的桦皮本,未知句型,
她女儿就是在这里,肯定句,
在安睡中结束自己的生命,未知句型,
汪淼在杨母身边坐下,未知句型,
他从来没有过如此强烈的愿望,否定句,
要与他人分担痛苦,未知句型,
杨母从汪淼手中拿过桦皮本,未知句型,
抱在胸前,未知句型,
轻声说：“我对冬冬的教育有些不知深浅,否定句,
让她太早接触了那些太抽象、太终极的东西,未知句型,
当她第一次表现出对那些抽象理论的兴趣时,未知句型,
我告诉她,未知句型,
那个世界,未知句型,
女人是很难进入的,肯定句,
她说居里夫人不是进入了吗,肯定句,
我告诉她,未知句型,
居里夫人根本没有进入,否定句,
她的成功只是源于勤奋和执着,肯定句,
没有她,否定句,
那些工作别人也会完成,未知句型,
倒是像吴健雄(当代最杰出的物理学家之一,肯定句,
在实验物理学研究上取得伟大的成就,未知句型,
她在实验室中首次证明了李政道和杨振宁关于弱相互作用中宇称不守恒的理论推测,否定句,
推翻了宇称守恒定律,未知句型,
)这样的女人还比她走得远些,未知句型,
但那真的不是女人的世界,肯定句,
女性的思维方式不同于男性,否定句,
这没有高下之分,否定句,
对世界来说都是必不可少的,肯定句,
“冬冬没有反驳我,否定句,
到后来,未知句型,
我真的发现她身上有些特殊的东西,未知句型,
比如给她讲一个公式,未知句型,
别的孩子会说‘这公式真巧妙’之类的,未知句型,
她则会说这公式真好看,未知句型,
真漂亮,未知句型,
那神情就像她看到一朵漂亮的野花一样,未知句型,
她父亲留下了一堆唱片,未知句型,
她听来听去,未知句型,
最后选择了一张巴赫的反复听,未知句型,
那是最不可能令孩子,肯定句,
特别是女孩子入迷的音乐了,肯定句,
开始我以为她是随意为之,肯定句,
但问她感受时,未知句型,
这孩子说：她看到一个巨人在大地上搭一座好大好复杂的房子,未知句型,
巨人一点一点地搭着,未知句型,
乐曲完了,未知句型,
大房子也就搭完了……”,未知句型,
“您对女儿的教育真是成功,肯定句,
”汪淼感慨地说,未知句型,
“不,否定句,
是失败啊,肯定句,
她的世界太单纯,未知句型,
只有那纯空灵的理论,未知句型,
那些东西一崩溃,未知句型,
就没有什么能支撑她活下去了,否定句,
”,未知句型,
“叶老师,未知句型,
您这么想我觉得也不对,否定句,
现在发生了一些让我们难以想象的事,未知句型,
这是一次空前的理论灾难,肯定句,
做出这种选择的科学家又不只是她一人,肯定句,
”,未知句型,
“可只有她一个女人,未知句型,
女人应该像水一样的,未知句型,
什么样的地方都能淌得过去啊,未知句型,
”,未知句型,
……,未知句型,
告辞时,未知句型,
汪淼才想到了来访的另一个目的,未知句型,
于是他向杨母说起了观测宇宙背景辐射的事,肯定句,
“哦,未知句型,
这个,未知句型,
国内有两个地方正在做,未知句型,
一个在乌鲁木齐观测基地,未知句型,
好像是中科院空间环境观测中心的项目,肯定句,
另一个很近,未知句型,
就在北京近郊的射电天文观测基地,未知句型,
是中科院和北大那个联合天体物理中心搞的,肯定句,
前面那个是实际地面观察,肯定句,
北京这个只是接收卫星数据,肯定句,
不过数据更准确、全面一些,否定句,
那里有我的一个学生,未知句型,
我帮你联系一下吧,未知句型,
”杨母说着,未知句型,
去找电话号码,未知句型,
然后给那个学生打电话,未知句型,
似乎很顺利,未知句型,
“没问题的,未知句型,
我给你个地址,未知句型,
你直接去就行,未知句型,
他叫沙瑞山,未知句型,
明天正好值夜班……你好像不是搞这专业的吧,肯定句,错
”杨母放下电话问,未知句型,
“我搞纳米,未知句型,
我这是为了……另外一些事情,肯定句,对
”汪淼很怕杨母追问下去,未知句型,
但她没有,否定句,
“小汪啊,未知句型,
你脸色怎么这么不好,否定句,
好像身体很虚的,未知句型,
”杨母关切地问,未知句型,
“没什么,未知句型,
就是这样儿,肯定句,对
”汪淼含糊地说,未知句型,
“你等等,未知句型,
”杨母从柜子里拿出一个小木盒,未知句型,
汪淼看到上面标明是人参,肯定句,对
“过去在基地的一位老战士前两天来看我,未知句型,
带来这个……不,否定句,
不,否定句,
你拿去,未知句型,
人工种植的,未知句型,
不是什么珍贵的东西,肯定句,错
我血压高,未知句型,
根本用不着的,否定句,
你可以切成薄片泡茶喝,肯定句,对
我看你脸色,未知句型,
好像血很亏的样子,未知句型,
年轻人,未知句型,
一定,未知句型,
要爱护自己啊,未知句型,
”,未知句型,
汪淼的心中涌起一股暖流,未知句型,
双眼湿润了,未知句型,
他那颗两天来绷得紧紧的心脏像被放到了柔软的天鹅绒上,被字句,
“叶老师,未知句型,
我会常来看您的,未知句型,
”他接过木盒说,未知句型,
6.宇宙闪烁之一,未知句型,
汪淼驱车沿京密路到密云县,未知句型,
再转至黑龙潭,未知句型,
又走了一段盘山路,未知句型,
便到达中科院国家天文观测中心的射电天文观测基地,未知句型,
他看到二十八面直径为九米的抛物面天线在暮色中一字排开,未知句型,
像一排壮观的钢铁植物,未知句型,
2006 年建成的两台高大的五十米口径射电望远镜天线矗立在这排九米天线的尽头,未知句型,
车驶近后,未知句型,
它们令汪淼不由想起了那张杨冬母女合影的背景,否定句,
但叶文洁的学生从事的项目与这些射电望远镜没有什么关系,否定句,
沙瑞山博士的实验室主要接收三颗卫星的观测数据：1989 年 11 月升空、即将淘汰的微波背景探测卫星 COBE,未知句型,
2003 年发射的威尔金森微波各向异性探测卫星 WMAP 和 2007 年欧洲航天局发射的普朗克高精度宇宙微波背景探测卫星 Planck,未知句型,
宇宙整体的微波背景辐射频谱非常精确地符合温度为2.726K的黑体辐射谱,否定句,
具有高度各向同性,未知句型,
但在不同局部也存在大约百万分之五涨落的幅度,否定句,
沙瑞山的工作就是根据卫星观测数据,肯定句,对
重新绘制一幅更精确的全宇宙微波辐射背景图,未知句型,
这个实验室不大,否定句,
主机房中挤满了卫星数据接收设备,未知句型,
有三台终端分别显示来自三颗卫星的数据,未知句型,
沙瑞山见到汪淼,未知句型,
立刻表现出了那种长期在寂寞之地工作的人见到来客的热情,未知句型,
问他想了解哪方面的观测数据,未知句型,
“我想现测宇宙背景辐射的整体波动,未知句型,
”,未知句型,
“您能……说具体些吗,疑问句,
”沙瑞山看汪淼的眼神变得奇怪起来,未知句型,
“就是,肯定句,对
宇宙3K 微波背景辐射整体上的各向同性的波动,未知句型,
振幅在百分之一至百分之五之间,未知句型,
”,未知句型,
沙瑞山笑笑,未知句型,
早在本世纪初,未知句型,
密云射电天文基地就对游客开放参观,未知句型,
为挣些外快,未知句型,
沙瑞山时常做些导游或讲座的事,未知句型,
这种笑容就是他回答游客(他已适应了他们那骇人的科盲)问题时常常露出的,肯定句,对
“汪先生,未知句型,
您……不是搞这个专业的吧,肯定句,错
”,未知句型,
“我搞纳米材料,未知句型,
”,未知句型,
“哦,未知句型,
那就对了,未知句型,
不过,否定句,
对于宇宙3K 背景辐射,未知句型,
您大概有个了解吧,未知句型,
”,未知句型,
“知道的不多,否定句,
目前的宇宙起源理论认为,未知句型,
宇宙诞生于距今约一百四十亿年前的一次大爆炸,未知句型,
在诞生早期,未知句型,
宇宙温度极高,未知句型,
随后开始冷却,未知句型,
形成被称为微波背景辐射的‘余烬’,被字句,
这种弥漫全宇宙的残留背景辐射,未知句型,
在厘米波段上是可以观测到的,肯定句,
好像是在一九六几年吧,肯定句,
两个美国人在调试一个高精度卫星接收天线时意外地发现了宇宙背景辐射……”,未知句型,
“足够了,未知句型,
”沙瑞山挥手打断了汪淼的话,未知句型,
“那你就应该知道,未知句型,
与我们观测的不同部分的微小不均匀不同,否定句,
宇宙整体辐射背景波动是随着,肯定句,
宇宙的膨胀,未知句型,
在宇宙时间尺度上缓慢变化的,未知句型,
以 Planck 卫星的精度,未知句型,
直到一百万年后都未必能测出这种变化,未知句型,
你却想在今天晚上发现它百分之五的波动,未知句型,
知道这意味着什么吗,疑问句,
这意味着整个宇宙像一个坏了的日光灯管那样闪烁,未知句型,
”,未知句型,
而且是为我闪烁,肯定句,
汪淼心里说,未知句型,
“叶老师这是在开什么玩笑,肯定句,
”沙瑞山摇摇头说,未知句型,
“但愿真是个玩笑,肯定句,
”汪淼说,未知句型,
本想告诉他,未知句型,
叶文洁并不知道详情,否定句,
但又怕因此招致他的拒绝,未知句型,
不过这倒是他的心里话,肯定句,
“既然是叶老师交待的,肯定句,
就观测吧,未知句型,
反正也不费劲,否定句,
百分之一的精度,未知句型,
用老古董 COBE 就行了,未知句型,
”沙瑞山说着,未知句型,
在终端上忙活起来,未知句型,
很快屏幕上出现一条平直的绿线,未知句型,
“你看,未知句型,
这就是当前宇宙整体背景辐射的实时数值曲线,肯定句,
哦,未知句型,
应该叫直线才对,未知句型,
数值是 2.726 ±0.010K,肯定句,
那个误差是银河系运动产生的多普勒效应,肯定句,
已经滤掉了,未知句型,
如果发生你所说的超过百分之一振幅的波动,未知句型,
这条线就会变红并将波动显示出来,未知句型,
我敢打赌直到世界末日它也是条绿直线,肯定句,
要看到它显现肉眼看得到的变化,未知句型,
可能比看太阳毁灭还要等更长的时间,未知句型,
”,未知句型,
“这不会影响您的正常工作吧,否定句,
”,未知句型,
“当然不会,否定句,
那么粗的精度,未知句型,
用COBE 观察数据的边角料就足够了,未知句型,
好了,未知句型,
从现在开始,未知句型,
如果那伟大的波动出现,未知句型,
数值会自动存盘,未知句型,
”,未知句型,
“可能要等到凌晨一点,未知句型,
”,未知句型,
“哇,未知句型,
这么精确,未知句型,
没关系,未知句型,
反正我本来就是值夜班,肯定句,
您吃饭了吗,疑问句,
那好,未知句型,
我带您去参观一下吧,未知句型,
”,未知句型,
这一夜没有月亮,否定句,
他们沿着长长的天线阵列漫步,未知句型,
沙瑞山指着天线说：“壮观吧,未知句型,
可惜都是聋子的耳朵,肯定句,
”,未知句型,
“为什么,未知句型,
”,未知句型,
“自它们建成以来,未知句型,
在观测频段上就干扰不断,否定句,
先是上世纪八十年代末的寻呼台,肯定句,
到现在是疯狂发展的移动通信,肯定句,
这些米波综合孔径射电望远镜能做的那些项目,未知句型,
像米波巡天、射电变源、超新星遗迹研究等等,未知句型,
大部分都不能正常开展,否定句,
多次找过无委会(国家无线电管理委员会),未知句型,
没有用,否定句,
我们能玩得过中国移动、联通、网通,未知句型,
没有钱,否定句,
宇宙奥秘算个球,未知句型,
好在我的项目靠卫星数据,未知句型,
与这些‘旅游景观’无关了,未知句型,
”,未知句型,
“近年来很多基础研究的商业运行还是很成功的,肯定句,
比如高能物理,未知句型,
把观测基地建到离城市远些的地方应该好些吧,把字句,
”,未知句型,
“那还是钱的问题,肯定句,
就目前而言,未知句型,
只能是在技术上屏蔽干扰,肯定句,
唉,未知句型,
叶老师要在就好了,未知句型,
她在这方面造诣很深,未知句型,
”,未知句型,
然后,未知句型,
他们来到一间为游客开的通宵酒吧,未知句型,
沙瑞山一杯接着一杯地灌啤酒,未知句型,
变得更加健谈,未知句型,
话题集中在叶文洁身上,未知句型,
从她的学生那里,未知句型,
汪淼得知了她那历经风霜的前半生,未知句型,
7.疯狂年代,未知句型,
中国,未知句型,
1967 年,未知句型,
“红色联合”对“四·二八兵团”总部大楼的攻击已持续了两天,未知句型,
他们的旗帜在大楼周围躁动地飘扬着,未知句型,
仿佛渴望干柴的火种,未知句型,
“红色联合”的指挥官心急如焚,未知句型,
他并不惧怕大楼的守卫者,否定句,
那二百多名“四·二八”战士,未知句型,
与诞生于 1966 年初、经历过大检阅和大串联的“红色联合”相比要稚嫩许多,未知句型,
他怕的是大楼中那十几个大铁炉子,肯定句,
里面塞满了烈性炸药,未知句型,
用电雷管串联起来,未知句型,
他看不到它们,否定句,
但能感觉到它们磁石般的存在,未知句型,
开关一合,未知句型,
玉石俱焚,未知句型,
而“四·二八”的那些小红卫兵们是有这个精神力量的,肯定句,
比起已经在风雨中成熟了许多的第一代红卫兵,未知句型,
新生的造反派们像火炭上的狼群,未知句型,
除了疯狂还是疯狂,肯定句,
大楼顶上出现了一个娇小的身影,未知句型,
那个美丽的女孩子挥动着一面“四·二八”的大旗,未知句型,
她的出现立刻招来了一阵杂乱的枪声,未知句型,
射击的武器五花八门,未知句型,
有陈旧的美式卡宾枪、捷克式机枪和三八大盖,未知句型,
也有崭新的制式步枪和冲锋枪——后者是在“八月社论”发表之后从军队中偷抢来的——连同那些梭镖和大刀等冷兵器,肯定句,
构成了一部浓缩的近现代史……“四·二八”的人在前面多次玩过这个游戏,未知句型,
在楼顶上站出来的人,未知句型,
除了挥舞旗帜外,未知句型,
有时还用喇叭筒喊口号或向下撒传单,未知句型,
每次他们都能在弹雨中全身而退,未知句型,
为自己挣到了崇高的荣誉,未知句型,
这次出来的女孩儿显然也相信自己还有那样的幸运,未知句型,
她挥舞着战旗,未知句型,
挥动着自己燃烧的青春,未知句型,
敌人将在这火焰中化为灰烬,未知句型,
理想世界明天就会在她那沸腾的热血中诞生……她陶醉在这鲜红灿烂的梦幻中,未知句型,
直到被一颗步枪子弹洞穿了胸膛,被字句,
十五岁少女的胸膛是那么柔嫩,肯定句,
那颗子弹穿过后基本上没有减速,否定句,
在她身后的空中发出一声啾鸣,未知句型,
年轻的红卫兵同她的旗帜一起从楼顶落下,未知句型,
她那轻盈的身体落得甚至比旗帜还慢,未知句型,
仿佛小鸟眷恋着天空,未知句型,
其实,未知句型,
比起另外一些人来,未知句型,
她还是幸运的,肯定句,
至少是在为理想献身的壮丽激情中死去,肯定句,
这样的热点遍布整座城市,未知句型,
像无数并行运算的CPU,未知句型,
将“文革大革命”联为一个整体,未知句型,
疯狂如同无形的洪水,未知句型,
将城市淹没其中,未知句型,
并渗透到每一个细微的角落和缝隙,未知句型,
在城市边缘的那所著名大学的操场上,未知句型,
一场几千人参加的批斗会已经进行了近两个小时,未知句型,
在这个派别林立的年代,未知句型,
任何一处都有错综复杂的对立派别在格斗,未知句型,
在校园中,未知句型,
红卫兵、文革工作组、工宣队和军宣队,未知句型,
相互之间都在爆发尖锐的冲突,未知句型,
而每种派别的内部又时时分化出新的对立派系,未知句型,
捍卫着各自不同的背景和纲领,否定句,
爆发更为残酷的较量,未知句型,
但这次被批斗的反动学术权威,被字句,
却是任何一方均无异议的斗争目标,肯定句,
他们也只能同时承受来自各方的残酷打击,未知句型,
与其他的牛鬼蛇神相比,未知句型,
反动学术权威有他们的特点：当打击最初到来时,未知句型,
他们的表现往往是高傲而顽固的,肯定句,
这也是他们伤亡率最高的阶段,肯定句,
他们有的因不认罪而被活活打死,否定句,
有的则选择了用自杀的方式来维护自己的尊严,未知句型,
从这一阶段幸存下来的人,未知句型,
在持续的残酷打击下渐渐麻木,未知句型,
这是一种自我保护的精神外壳,肯定句,
使他们避免最后的崩溃,未知句型,
他们在批斗会上常常进入半睡眠状态,未知句型,
只有一声恫吓才能使其惊醒过来,未知句型,
机械地重复那已说过无数遍的认罪词,未知句型,
然后,未知句型,
他们中的一部分人便进入了第三阶段,未知句型,
旷日持久的批判将鲜明的政治图像如水银般注入了他们的意识,未知句型,
将他们那由知识和理性构筑的思想大厦彻底摧毁,未知句型,
他们真的相信自己有罪,未知句型,
真的看到了自己对伟大事业构成的损害,未知句型,
并为此痛哭流涕,未知句型,
他们的忏悔往往比那此非知识分子的牛鬼蛇神要深刻得多,否定句,
也真诚得多,未知句型,
而对于红卫兵来说,未知句型,
进入后两个阶段的批判对象是最乏味的,肯定句,
只有处于第一阶段的牛鬼蛇神才能对他们那早已过度兴奋的神经产生有效的刺激,未知句型,
如同斗牛士手上的红布,未知句型,
但这样的对象越来越少了,未知句型,
在这所大学中可能只剩下一个,未知句型,
他由于自己的珍稀而被留到批判大会最后出场,被字句,
叶哲泰从文革开始一直活到了现在,未知句型,
并且一直处于第一阶段,未知句型,
他不认罪,否定句,
不自杀,否定句,
也不麻木,否定句,
当这位物理学教授走上批判台时,未知句型,
他那神情分明在说：让我背负的十字架更沉重一些吧,未知句型,
红卫兵们让他负担的东西确实很重,肯定句,
但不是十字架,肯定句,
别的批判对象戴的高帽子都是用竹条扎的框架,肯定句,
而他戴的这顶却是用一指粗的钢筋焊成的,肯定句,
还有他挂在胸前的那块牌子,未知句型,
也不是别人挂的木板,肯定句,
而是从实验室的一个烤箱上拆下的铁门,肯定句,
上面用黑色醒目地写着他的名字,未知句型,
并沿对角线画上了一个红色的大叉,未知句型,
押送叶哲泰上台的红卫兵比别的批判对象多了一倍,未知句型,
有六人,未知句型,
两男四女,未知句型,
两个男青年步伐稳健有力,未知句型,
一副成熟的青年布尔什维克形象,未知句型,
他们都是物理系理论物理专业大四年级的,肯定句,
叶哲泰曾是他们的老师,肯定句,
那四名女孩子要年轻得多,未知句型,
都是大学附中的初二学生,肯定句,
这些穿着军装扎着武装带的小战士挟带着逼人的青春活力,未知句型,
像四团绿色的火焰包围着叶哲泰,未知句型,
叶哲泰的出现使下面的人群兴奋起来,未知句型,
刚才已有些乏力的口号声又像新一轮海潮般重新高昂起来,未知句型,
淹没了一切,未知句型,
耐心地等口号声平息下去后,未知句型,
台上两名男红卫兵中的一人转向批判对象：“叶哲泰,未知句型,
你精通各种力学,未知句型,
应该看到自己正在抗拒的这股伟大的合力是多么强大,肯定句,
顽固下去是死路一条,肯定句,
今天继续上次大会的议程,未知句型,
废话就不多说了,否定句,
老实回答下面的问题：在六二至六五届的基础课中,未知句型,
你是不是擅自加入了大量的相对论内容,肯定句,
”,未知句型,
“相对论已经成为物理学的古典理论,未知句型,
基础课怎么能不涉及它呢,否定句,
”叶哲泰回答说,未知句型,
“你胡说,未知句型,
”旁边的一名女红卫兵厉声说,未知句型,
“爱因斯坦是反动的学术权威,肯定句,
他有奶便是娘,肯定句,
跑去为美帝国主义造原子弹,未知句型,
要建立起革命的科学,未知句型,
就要打倒以相对论为代表的资产阶级理论黑旗,未知句型,
”,未知句型,
叶哲泰沉默着,未知句型,
他在忍受着头上铁高帽和胸前铁板带来的痛苦,未知句型,
不值得回应的问题就沉默了,否定句,
在他身后,未知句型,
他的学生也微微皱了一下眉头,未知句型,
说话的女孩儿是这四个中学红卫兵中天资最聪颖的一个,肯定句,
并且显然有备而来,未知句型,
刚才上台前还看到她在背批判稿,未知句型,
但要对付叶哲泰,未知句型,
仅凭她那几句口号是不行的,肯定句,
他们决定亮出今天为老师准备的新武器,未知句型,
其中的一人对台下挥了一下手,未知句型,
叶哲泰的妻子,未知句型,
同系的物理学教授绍琳从台下的前排站起来,未知句型,
走上台,未知句型,
她身穿一件很不合体的草绿色衣服,否定句,
显然想与红卫兵的色彩拉近距离,未知句型,
但熟悉绍琳的人联想到以前常穿精致旗袍讲课的她,未知句型,
总觉得别扭,未知句型,
“叶哲泰,未知句型,
”绍琳指着丈夫喝道,未知句型,
她显然不习惯于这种场合,否定句,
尽量拔高自己的声音,未知句型,
却连其中的颤抖也放大了,未知句型,
“你没有想到我会站出来揭发你,否定句,
批判你吧,未知句型,
是的,肯定句,
我以前受你欺骗,未知句型,
你用自己那反动的世界观和科学观蒙蔽了我,未知句型,
现在我醒悟了,未知句型,
在革命小将的帮助下,未知句型,
我要站到革命的一边,未知句型,
人民的一边,未知句型,
”她转向台下,未知句型,
“同志们、革命小将们、革命的教职员工们,未知句型,
我们应该认清爱因斯坦相对论的反动本质,未知句型,
这种本质,未知句型,
广义相对论体现得最清楚：它提出的静态宇宙模型,未知句型,
否定了物质的运动本性,未知句型,
是反辩证法的,肯定句,
它认为宇宙有限,未知句型,
更是彻头彻尾的反动唯心主义……”,肯定句,
听着妻子滔滔不绝的演讲,否定句,
叶哲泰苦笑了一下,未知句型,
琳,未知句型,
我蒙蔽了你,未知句型,
其实你在我心中倒一直是个谜,肯定句,
一次,未知句型,
我对你父亲称赞你那过人的天资——他很幸运,未知句型,
去得早,未知句型,
躲过了这场灾难——老人家摇摇头,未知句型,
说我女儿不可能在学术上有什么建树,否定句,
接着,未知句型,
他说出了对我后半生很重要的一句话：琳琳太聪明了,未知句型,
可是搞基础理论,肯定句,
不笨不行啊,否定句,
以后的许多年里,未知句型,
我不断悟出这话的深意,否定句,
琳,未知句型,
你真的太聪明了,未知句型,
早在几年前,未知句型,
你就嗅出了知识界的政治风向,未知句型,
做出了一些超前的举动,未知句型,
比如你在教学中,未知句型,
把大部分物理定律和参数都改了名字,把字句,
欧姆定律改叫电阻定律,未知句型,
麦克斯韦方程改名成电磁方程,未知句型,
普朗克常数叫成了量子常数……你对学生们解释说：所有的科学成果都是广大劳动人民智慧的结晶,肯定句,
那些资产阶级学术权威不过是窃取了这些智慧,肯定句,
但即使这样,未知句型,
你仍然没有被“革命主流”所接纳,否定句,
看看现在的你,未知句型,
衣袖上没有“革命教职员工”都戴着的红袖章,否定句,
你两手空空地上来,未知句型,
连一本语录都没资格拿……谁让你出生在旧中国那样一个显赫的家庭,未知句型,
你父母又都是那么著名的学者,肯定句,
说起爱因斯坦,未知句型,
你比我有更多的东西需要交待,未知句型,
1922 年冬天,未知句型,
爱因斯坦到上海访问,未知句型,
你父亲因德语很好被安排为接待陪同者之一,被字句,
你多次告诉我,未知句型,
父亲是在爱因斯坦的亲自教诲下走上物理学之路的,肯定句,
而你选择物理专业又是受了父亲的影响,肯定句,
所以爱翁也可以看作你的间接导师,肯定句,
你为此感到无比的自豪和幸福,未知句型,
后来我知道,未知句型,
父亲对你讲了善意的谎言,未知句型,
他与爱因斯坦只有过一次短得不能再短的交流,否定句,
那是 1922 年 11 月 13 日上午,肯定句,
他陪爱因斯坦到南京路散步,未知句型,
同行的,未知句型,
好像还有上海大学校长于右任、《大公报》经理曹谷冰等人,未知句型,
经过一个路基维修点,未知句型,
爱因斯坦在一名砸石子的小工身旁停下,未知句型,
默默看着这个在寒风中衣衫破烂、手脸污黑的男孩子,未知句型,
问你父亲：他一天挣多少钱,未知句型,
问过小工后,未知句型,
你父亲回答：五分,未知句型,
这就是他与改变世界的科学大师唯一的一次交流,肯定句,
没有物理学,否定句,
没有相对论,否定句,
只有冰冷的现实,未知句型,
据你父亲说,未知句型,
爱因斯坦听到他的回答后又默默地站在那里好一会儿,未知句型,
看着小工麻木的劳作,未知句型,
手里的烟斗都灭了也没有吸一口,否定句,
你父亲在回忆这件事后,未知句型,
对我发出这样的感叹：在中国,未知句型,
任何超脱飞扬的思想都会砰然坠地的,未知句型,
现实的引力太沉重了,未知句型,
“低下头,未知句型,
”一名男红卫兵大声命令,未知句型,
这也许是自己的学生对老师一丝残存的同情,肯定句,
被批斗者都要低头,被字句,
但叶哲泰要这样,未知句型,
那顶沉重的铁高帽就会掉下去,未知句型,
以后只要他一直低着头,未知句型,
就没有理由再给他戴上,否定句,
但叶哲泰仍昂着头,未知句型,
用瘦弱的脖颈支撑着那束沉重的钢铁,未知句型,
“低头,未知句型,
你个反动顽固分子,未知句型,
”旁边一名女红卫兵解下腰间的皮带朝叶哲泰挥去,未知句型,
黄铜带扣正打在他脑门上,未知句型,
在那里精确地留下了带扣的形状,未知句型,
但很快又被淤血模糊成黑紫的一团,被字句,
他摇晃了一下,未知句型,
又站稳了,未知句型,
一名男红卫兵质问叶哲泰：“在量子力学的教学中,未知句型,
你也散布过大量的反动言论,未知句型,
”说完对绍琳点点头,未知句型,
示意她继续,未知句型,
绍琳迫不及待地要继续下去了,否定句,
她必须不停顿地说下去,否定句,
以维持自己那摇摇欲坠的精神免于彻底垮掉,未知句型,
“叶哲泰,未知句型,
这一点你是无法抵赖的,肯定句,
你多次向学生散布反动的哥本哈根解释,未知句型,
”,未知句型,
“这毕竟是目前公认的最符合实验结果的解释,肯定句,
”叶哲泰说,未知句型,
在受到如此重击后,未知句型,
他的口气还如此从容,未知句型,
这让绍琳很吃惊,未知句型,
也很恐惧,未知句型,
“这个解释认为,未知句型,
是外部的观察导致了量子波函数的坍缩,肯定句,
这是反动唯心论的另一种表现形式,肯定句,
而且是一种最猖狂的表现,肯定句,
”,未知句型,
“是哲学指引实验还是实验指引哲学,肯定句,
”叶哲泰问道,未知句型,
他这突然的反击令批判者们一时不知所措,否定句,
“当然是正确的马克思主义哲学指引科学实验,肯定句,
”一名男红卫兵说,未知句型,
“这等于说正确的哲学是从天上掉下来的,肯定句,
这反对实践出真知,未知句型,
恰恰是违背马克思主义对自然界的认知原则的,肯定句,
”,未知句型,
绍琳和两名大学红卫兵无言以对,未知句型,
与中学和社会上的红卫兵不同,否定句,
他们不可能一点儿道理也不讲,否定句,
但来自附中的四位小将自有她们“无坚不摧”的革命方式,否定句,
刚才动手的那个女孩儿又狠抽了叶哲泰一皮带,未知句型,
另外三个女孩子也都分别抡起皮带抽了一下,未知句型,
当同伴革命时,未知句型,
她们必须表现得更革命,未知句型,
至少要同样革命,未知句型,
两名男红卫兵没有过问,否定句,
他们要是现在管这事,肯定句,
也有不革命的嫌疑,否定句,
“你还在教学中散布宇宙大爆炸理论,未知句型,
这是所有科学理论中最反动的一个,肯定句,
”一名男红卫兵试图转移话题,未知句型,
“也许以后这个理论会被推翻,被字句,
但本世纪的两大宇宙学发现：哈勃红移和 3K 宇宙背景辐射,未知句型,
使大爆炸学说成为目前为止最可信的宇宙起源理论,未知句型,
”,未知句型,
“胡说,未知句型,
”绍琳大叫起来,未知句型,
又接着滔滔不绝地讲起了宇宙大爆炸,否定句,
自然不忘深刻地剖析其反动本质,否定句,
但这理论的超级新奇吸引了四个小女孩儿中最聪明的那一个,未知句型,
她不由自主地问道：,否定句,
“连时间都是从那个奇点开始的,肯定句,
那奇点以前有什么,未知句型,
”,未知句型,
“什么都没有,否定句,
”叶哲泰说,未知句型,
像回答任何一个小女孩儿的问题那样,未知句型,
他转头慈祥地看着她,未知句型,
铁高帽和已受的重伤,未知句型,
使他这动作很艰难,未知句型,
“什么……都没有,否定句,
反动,未知句型,
反动透顶,未知句型,
”那女孩儿惊恐万状地大叫起来,未知句型,
她不知所措地转向绍琳寻求帮助,否定句,
立刻得到了回应,未知句型,
“这给上帝的存在留下了位置,未知句型,
”绍琳对女孩儿点点头提示说,未知句型,
小红卫兵那茫然的思路立刻找到了立脚点,未知句型,
她举起紧握皮带的手指着叶哲泰,未知句型,
“你,未知句型,
是想说有上帝,肯定句,
”,未知句型,
“我不知道,否定句,
”,未知句型,
“你说什么,未知句型,
”,未知句型,
“我是说不知道,肯定句,
如果上帝是指宇宙之外的超意识的话,肯定句,
我不知道它是不是存在,肯定句,
正反两方面,未知句型,
科学都没给出确实的证据,肯定句,
”其实,未知句型,
在这噩梦般的时刻,未知句型,
叶哲泰已倾向于相信它不存在了,否定句,
这句大逆不道的话在整个会场引起了骚动,否定句,
在台上一名红卫兵的带领下,未知句型,
又爆发了一波波的口号声,未知句型,
“打倒反动学术权威叶哲泰,未知句型,
”,未知句型,
“打倒一切反动学术权威,未知句型,
”,未知句型,
“打倒一切反动学说,未知句型,
”,未知句型,
……,未知句型,
“上帝是不存在的,肯定句,
一切宗教,未知句型,
都是统治阶级编造出来的麻痹人民的精神工具,肯定句,
”口号平息后,未知句型,
那个小女孩儿大声说,未知句型,
“这种看法是片面的,肯定句,
”叶哲泰平静地说,未知句型,
恼羞成怒的小红卫兵立刻做出了判断,未知句型,
对于眼前这个危险的敌人,未知句型,
一切语言都无意义了,未知句型,
她抡起皮带冲上去,未知句型,
她的三个小同志立刻跟上,未知句型,
叶哲泰的个子很高,未知句型,
这四个十四岁的女孩儿只能朝上抡皮带才能打到他那不肯低下的头,否定句,
在开始的几下打击后,未知句型,
他头上能起一定保护作用的铁高帽被打掉了,被字句,
接下来带铜扣的宽皮带如雨点般打在他的头上和身上——他终于倒下了,未知句型,
这鼓舞了小红卫兵们,未知句型,
她们更加投入地继续着这 “崇高”的战斗,未知句型,
她们在为信念而战,未知句型,
为理想而战,未知句型,
她们为历史给予自己的光辉使命所陶醉,未知句型,
为自己的英勇而自豪……,未知句型,
“最高指示：要文斗不要武斗,否定句,
”叶哲泰的两名学生终于下定了决心,未知句型,
喊出了这句话,未知句型,
两人同时冲过去,未知句型,
拉开了已处于半疯狂状态的四个小女孩儿,未知句型,
但已经晚了,未知句型,
物理学家静静地躺在地上,未知句型,
半睁的双眼看着从他的头颅上流出的血迹,未知句型,
疯狂的会场瞬间陷入了一片死寂,未知句型,
那条血迹是唯一在动的东西,肯定句,
它像一条红蛇缓慢地蜿蜒爬行着,未知句型,
到达台沿后一滴滴地滴在下面一个空箱子上,未知句型,
发出有节奏的“哒哒”声,未知句型,
像渐行渐远的脚步,未知句型,
一阵怪笑声打破了寂静,未知句型,
这声音是精神已彻底崩溃的绍琳发出的,肯定句,
听起来十分恐怖,未知句型,
人们开始离去,未知句型,
最后发展成一场大溃逃,未知句型,
每个人想都尽快逃离这个地方,未知句型,
会场很快空了下来,未知句型,
只剩下一个姑娘站在台下,未知句型,
她是叶哲泰的女儿叶文洁,肯定句,
当那四个女孩儿施暴夺去父亲生命时,未知句型,
她曾想冲上台去,未知句型,
但身边的两名老校工死死抓住她,未知句型,
并在耳边低声告诉她别连自己的命也不要了,否定句,
当时会场已经处于彻底的癫狂,未知句型,
她的出现只会引出更多的暴徒,未知句型,
她曾声嘶力竭地哭叫,未知句型,
但声音淹没在会场上疯狂的口号和助威声中,未知句型,
当一切寂静下来时,未知句型,
她自己也发不出任何声音了,否定句,
只是凝视台上父亲已没有生命的躯体,肯定句,
那没有哭出和喊出的东西在她的血液中弥漫、溶解,否定句,
将伴她一生,未知句型,
人群散去后,未知句型,
她站在那里,未知句型,
身体和四肢仍保持着老校工抓着她时的姿态,未知句型,
一动不动,否定句,
像石化了一般,未知句型,
过了好久,未知句型,
她才将悬空的手臂放下来,未知句型,
缓缓起身走上台,未知句型,
坐在父亲的遗体边,未知句型,
握起他的一只已凉下来的手,未知句型,
两眼失神地看着远方,未知句型,
当遗体要被抬走时,被字句,
叶文洁从衣袋中拿出一样东西放到父亲的那只手中,未知句型,
那是父亲的烟斗,肯定句,
文洁默默地离开了已经空无一人一片狼藉的操场,未知句型,
走上回家的路,未知句型,
当她走到教工宿舍楼下时,未知句型,
听到了从二楼自家窗口传出的一阵阵痴笑声,未知句型,
这声音是那个她曾叫做妈妈的女人发出的,肯定句,
文洁默默地转身走去,未知句型,
任双脚将她带向别处,未知句型,
8.寂静的春天,未知句型,
两年以后,未知句型,
大兴安岭,未知句型,
“顺山倒咧——”,未知句型,
随着这声嘹亮的号子,未知句型,
一棵如巴特农神庙的巨柱般高大的落叶松轰然倒下,未知句型,
叶文洁感到大地抖动了一下,未知句型,
她拿起斧头和短锯,未知句型,
开始去除巨大的树身上的枝丫,未知句型,
每到这时,未知句型,
她总觉得自己是在为一个巨人整理遗体,肯定句,
她甚至常常有这样的想象：这巨人就是自己的父亲,肯定句,
两年前那个凄惨的夜晚,未知句型,
她在太平间为父亲整理遗容时的感觉就在这时重现,未知句型,
巨松上那绽开的树皮,未知句型,
似乎就是父亲躯体上累累的伤痕,肯定句,
内蒙古生产建设兵团的六个师四十一个团十多万人就分布在这辽阔的森林和草原之间,未知句型,
刚从城市来到这陌生的世界时,未知句型,
很多兵团知青都怀着一个浪漫的期望：当苏修帝国主义的坦克集群越过中蒙边境时,未知句型,
他们将飞快地武装起来,未知句型,
用自己的血肉构成共和国的第一道屏障,未知句型,
事实上,未知句型,
这也确实是兵团组建时的战略考虑之一,肯定句,
但他们渴望的战争就像草原天边那跑死马的远山,未知句型,
清晰可见,未知句型,
但到不了眼前,否定句,
于是他们只有垦荒、放牧和砍伐,肯定句,
这些曾在“大串联”中燃烧青春的年轻人很快发现,未知句型,
与这广阔天地相比,未知句型,
内地最大的城市不过是个羊圈,肯定句,
在这寒冷无际的草原和森林间,未知句型,
燃烧是无意义的,肯定句,
一腔热血喷出来,未知句型,
比一堆牛粪凉得更快,未知句型,
还不如后者有使用价值,否定句,
但燃烧是他们的命运,肯定句,
他们是燃烧的一代,肯定句,
于是,肯定句,
在他们的油锯和电锯下,未知句型,
大片的林海化为荒山秃岭,未知句型,
在他们的拖拉机和康拜因(联合收割机)下,未知句型,
大片的草原被犁成粮田,被字句,对
然后变成沙漠,未知句型,
叶文洁看到的砍伐只能用疯狂来形容,未知句型,
高大挺拔的兴安岭落叶松、四季长青的樟子松、亭亭玉立的白桦、耸入云天的山杨、西伯利亚冷杉,未知句型,
以及黑桦、柞树、山榆、水曲柳、钻天柳、蒙古栎,未知句型,
见什么伐什么,未知句型,
几百把油锯如同一群钢铁蝗虫,把字句,
她的连队所过之处,未知句型,
只剩下一片树桩,未知句型,
整理好的落叶松就要被履带拖拉机拖走了,被字句,对
在树干另一头,未知句型,
叶文洁轻轻抚摸了一下那崭新的锯断面,未知句型,
她常常下意识地这么做,未知句型,
总觉得那是一处巨大的伤口,肯定句,
似乎能感到大树的剧痛,未知句型,
她突然看到,未知句型,
在不远处树桩的锯断面上,否定句,
也有一只在轻轻抚摸的手,未知句型,
那手传达出的心灵的颤抖,未知句型,
与她产生了共振,未知句型,
那手虽然很白皙,未知句型,
但能够看出是属于男性的,肯定句,
叶文洁抬头,未知句型,
看到抚摸树桩的人是白沐霖,肯定句,
一个戴眼镜的瘦弱青年,未知句型,
他是兵团《大生产报》的记者,肯定句,
前天刚到连队来采访,未知句型,
叶文洁看过他写的文章,未知句型,
文笔很好,未知句型,
其中有一种与这个粗放环境很不协调的纤细和敏感,否定句,
令她很难忘,未知句型,
“马钢,未知句型,
你过来,未知句型,
”白沐霖对不远处一个小伙子喊道,否定句,
那人壮得像这棵刚被他伐倒的落叶松,被字句,对
他走过来,未知句型,
白记者问道：“你知道这棵树多大年纪了,未知句型,
”“数数呗,未知句型,
”马钢指指树桩上的年轮说,未知句型,
“我数了,未知句型,
三百三十多岁呢,未知句型,
你锯倒它用了多长时间,未知句型,
”,未知句型,
“不到十分钟吧,否定句,对
告诉你,未知句型,
我是连里最快的油锯手,肯定句,
我到哪个班,未知句型,
流动红旗就跟我到那儿,未知句型,
”马钢看上去很兴奋,未知句型,
让白记者注意到的人都这样,未知句型,
能在《大生产报》的通讯报道上露一下脸也是很光荣的事,肯定句,
“三百多年,未知句型,
十几代人啊,未知句型,
它发芽时还是明朝呢,肯定句,
这漫长的岁月里,未知句型,
它经历过多少风雨,未知句型,
见过多少事,未知句型,
可你几分钟就把它锯倒了,把字句,
你真没感觉到什么,未知句型,
”,未知句型,
“你想让我感觉到什么呢,未知句型,
”马钢愣了一下,未知句型,
“不就一棵树嘛,否定句,错
这里最不缺的就是树,肯定句,
比它岁数长的老松多的是,肯定句,
”,未知句型,
“忙你的去吧,未知句型,
”白沐霖摇摇头,未知句型,
坐在树桩子上轻轻叹息了一声,未知句型,
马钢也摇摇头,未知句型,
记者没有报道他的兴趣,否定句,对
令他很失望,未知句型,
“知识分子毛病就是多,肯定句,
”他说的时候还瞟了一眼不远处的叶文洁,否定句,错
他的话显然也包括了她,未知句型,
大树被拖走了,被字句,
地面上的石块和树桩划开了树皮,未知句型,
使它巨大的身躯皮开肉绽,未知句型,
它原来所在的位置上,未知句型,
厚厚的落叶构成的腐植层被压出了一条长沟,被字句,
沟里很快渗出了水,未知句型,
陈年落叶使水呈暗红色,未知句型,
像血,未知句型,
“小叶,未知句型,
过来歇歇吧,未知句型,
”白沐霖指指大树桩空着的另一边对叶文洁说,未知句型,
文洁确实累了,肯定句,
放下工具,未知句型,
走过来和记者背靠背地坐着,未知句型,
沉默了好一会儿,未知句型,
白沐霖突然说：“我看得出来你的感觉,未知句型,
在这里也就我们俩有这种感觉,未知句型,
”,未知句型,
文洁仍然沉默着,未知句型,
白沐霖预料她不会回答,否定句,对
叶文洁平时沉默寡言,未知句型,
很少与人交流,未知句型,
有些刚来的人甚至误认为她是哑巴,肯定句,
白沐霖自顾自地说下去：“一年前打前站时我就到过这个林区,未知句型,
记得刚到时是晌午,肯定句,
接待我们的人说要吃鱼,未知句型,
我在那间小树皮屋里四下看看,未知句型,
就烧着一锅水,未知句型,
哪有鱼啊,未知句型,
水开后,未知句型,
见做饭的人拎着擀面杖出去,未知句型,
到屋前的那条小河中‘乒乓’几棒子,未知句型,
就打上几条大鱼来……多富饶的地方,未知句型,
可现在看看那条河,未知句型,
一条什么都没有的浑水沟,否定句,对
我真不知道,否定句,
现在整个兵团的开发方针是搞生产还是搞破坏,肯定句,
”,未知句型,
“你这种想法是从哪儿来呢,肯定句,
”叶文洁轻声问,未知句型,
并没有透露出她对这想法是赞同还是反对,肯定句,
但她能说话,未知句型,
已经让白沐霖很感激了,未知句型,
“我刚看了一本书,未知句型,
感触很深……你能读英文吧,未知句型,
”看到文洁点点头,未知句型,
白沐霖从包中掏出一本蓝色封面的书,未知句型,
在递给文洁时,未知句型,
他有意无意地四下看了看,未知句型,
“这本书是六二年出的,肯定句,
在西方影响很大,未知句型,
”,未知句型,
文洁转身接过书,未知句型,
看到书名是《SILENT SPRING 》)(《寂静的春天》),肯定句,
作者是Rachel Carson,肯定句,
“哪儿来的,未知句型,
”她轻声问,未知句型,
“这本书引起了上级的重视,未知句型,
要搞内参,未知句型,
我负责翻译与森林有关的那部分,未知句型,
”,未知句型,
文洁翻开书,未知句型,
很快被吸引住了,被字句,
在短短的序章中,未知句型,
作者描述了一个在杀虫剂的毒害下正在死去的寂静的村庄,未知句型,
平实的语言背后显现着一颗忧虑的心,未知句型,
“我想给中央写信,未知句型,
反映建设兵团这种不负责任的行径,否定句,
”白沐霖说,未知句型,
叶文洁从书上抬起头来,未知句型,
好半天才明白他意思,未知句型,
没说什么又低头看书,未知句型,
“你要想看就先拿着,未知句型,
不过最好别让其他人看见,否定句,
这东西,未知句型,
你知道……”白沐霖说着,未知句型,
又四下看了看,未知句型,
起身离去,未知句型,
三十八年后,未知句型,
在叶文洁的最后时刻,未知句型,
她回忆起《寂静的春天》对自己一生的影响,未知句型,
在这之前,未知句型,
人类恶的一面已经在她年轻的心灵上刻下不可愈合的巨创,否定句,
但这本书使她对人类之恶第一次进行了理性的思考,未知句型,
这本来应该是一本很普通的书,肯定句,
主题并不广阔,否定句,
只是描述杀虫剂的滥用对环境造成的危害,肯定句,
但作者的视角对叶文洁产生了巨大的震撼：蕾切尔·卡逊所描写的人类行为——使用杀虫剂,未知句型,
在文洁看来只是一项正当和正常的、至少是中性的行为,肯定句,
而本书让她看到,未知句型,
从整个大自然的视角看,未知句型,
这个行为与“文化大革命”是没有区别的,肯定句,
对我们的世界产生的损害同样严重,未知句型,
那么,未知句型,
还有多少在自己看来是正常甚至正义的人类行为是邪恶的呢,肯定句,
再想下去,未知句型,
一个推论令她不寒而栗,否定句,
陷入恐惧的深渊：也许,未知句型,
人类和邪恶的关系,未知句型,
就是大洋与漂浮于其上的冰山的关系,肯定句,
它们其实是同一种物质组成的巨大水体,肯定句,
冰山之所以被醒目地认出来,被字句,
只是由于其形态不同而已,肯定句,
而它实质上只不过是这整个巨大水体中极小的一部分……人类真正的道德自觉是不可能的,肯定句,
就像他们不可能拔着自己的头发离开大地,否定句,
要做到这一点,未知句型,
只有借助于人类之外的力量,未知句型,
这个想法最终决定了叶文洁的一生,未知句型,
四天后,未知句型,
叶文洁去还书,未知句型,
白沐霖住在连队唯一的一间招待房里,未知句型,
文洁推开门,未知句型,
见他疲惫地躺在床上,未知句型,
一身泥水和木屑,未知句型,
见到文洁,未知句型,
他赶紧起身,未知句型,
“今天干活儿了,未知句型,
”文洁问,未知句型,
“下连队这么长时间了,未知句型,
不能总是甩手到处转,肯定句,
劳动得参加,未知句型,
三结合嘛,未知句型,
哦,未知句型,
我们在雷达峰干,未知句型,
那里林木真密,未知句型,
地下的腐叶齐膝深,未知句型,
我真怕中了瘴气,未知句型,
”白沐霖说,未知句型,
“雷达峰,未知句型,
”文洁听到这个名字很吃惊,未知句型,
“是啊,肯定句,
团里下的紧急任务,未知句型,
要围着它伐出一圈警戒带,未知句型,
”,未知句型,
雷达峰是一个神秘的地方,肯定句,
那座陡峭的奇峰本没有名字,否定句,
只是因为它的峰顶有一面巨大的抛物面天线才得此名,肯定句,
其实,未知句型,
稍有常识的人都知道那不是雷达天线,肯定句,
虽然它的方向每天都会变化,未知句型,
但从未连续转动过,未知句型,
那天线在风中发出低沉的嗡嗡声,未知句型,
很远都能听到,未知句型,
连队的人只知道那是一个军事基地,肯定句,
听当地人说,未知句型,
三年前建设那个基地时,未知句型,
曾动用巨大的人力,未知句型,
向峰顶架设了一条高压线,未知句型,
开辟了一条通向峰顶的公路,未知句型,
有大量的物资沿公路运上去,未知句型,
但基地建成后,未知句型,
竟把这条公路拆毁了,把字句,
只留下一条勉强能通行的林间小路,未知句型,
常有直升机在峰顶起降,未知句型,
那座天线并不总是出现,肯定句,
风太大时它会被放倒,被字句,
而当它立起来时,未知句型,
就会发生许多诡异的事情：林间的动物变得焦躁不安,否定句,
林鸟被大群地惊起,被字句,
人也会出现头晕恶心等许多不明症状,否定句,
在雷达峰附近的人还特别容易掉头发,未知句型,
据当地人说,未知句型,
这也是天线出现后才有的事,肯定句,
雷达峰有许多神秘的传说：一次下大雪,未知句型,
那个天线立起来,未知句型,
这方圆几里的雪立刻就变成了雨,未知句型,
严寒中,未知句型,
雨水在树上冻成冰,未知句型,
每棵树都挂起了大冰挂子,未知句型,
森林成了水晶宫,未知句型,
其间不断地响着树枝被压断的“咔嚓”声和冰挂子坠地的“轰轰”声,否定句,错
有时,未知句型,
在天线立起时,未知句型,
晴空会出现雷电,未知句型,
夜间天空中能看到奇异的光晕……雷达峰警戒森严,未知句型,
建设兵团的连队驻扎后,未知句型,
连长第一件事就是让所有人注意不要擅自靠近雷达峰,肯定句,
否则基地的岗哨可以不经警告就开枪,肯定句,
上星期,未知句型,
连队里两个打猎的兵团战士追一只狍子,未知句型,
不知不觉追到了雷达峰下,否定句,错
立刻招来了来自半山腰上岗亭的急促射击,未知句型,
幸亏林子密,未知句型,
两人没伤着跑了回来,未知句型,
其中一个吓得尿了一裤子,未知句型,
第二天连里开会,未知句型,
每人挨了一个警告处分,未知句型,
可能正是因为这事,肯定句,
基地才决定在周围的森林中开伐一圈警戒带,未知句型,
而兵团的人力可以随他们调用,肯定句,
也可见其行政级别很高,未知句型,
白沐霖接过书,未知句型,
小心地放到枕头下面,未知句型,
同时从那里拿出了几页写得密密麻麻的稿纸,未知句型,
递给文洁,未知句型,
“这是那封信的草稿,肯定句,
你看看行吗,疑问句,
”,未知句型,
“信,未知句型,
”,未知句型,
“我跟你说过的,未知句型,
要给中央写信,未知句型,
”,未知句型,
纸上的字迹很潦草,未知句型,
叶文洁很吃力地看完了,未知句型,
这封信立论严谨,未知句型,
内容丰富：从太行山因植被破坏,被字句,
由历史上的富庶之山变成今天贫瘠的秃岭,未知句型,
到现代黄河泥沙含量的急剧增加,未知句型,
得出了内蒙古建设兵团的大垦荒将带来严重后果的结论,未知句型,
文洁这才注意到,未知句型,
他的文笔真的与《寂静的春天》很相似,未知句型,
平实精确而蕴涵诗意,未知句型,
令理科出身的她感到很舒适,未知句型,
“写得很好,未知句型,
”她由衷地赞叹道,未知句型,
白沐霖点点头,未知句型,
“那我寄出去了,未知句型,
”说着拿出了一本新稿纸要誊抄,未知句型,
但手抖得厉害,未知句型,
一个字都写不出来,否定句,对
第一次使油锯的人都是这样,肯定句,
手抖得可能连饭碗都端不住,否定句,对
更别说写字了,未知句型,
“我替你抄吧,未知句型,
”叶文洁说,未知句型,
接过白沐霖递来的笔抄了起来,未知句型,
“你字写得真好,未知句型,
”白沐霖看着稿纸上抄出的第一行字说,未知句型,
他给文洁倒了一杯水,未知句型,
手仍然抖得厉害,未知句型,
水洒出来不少,否定句,错
文洁忙把信纸移开些,把字句,
“你是学物理的,肯定句,
”白沐霖问,未知句型,
“天体物理,未知句型,
现在没什么用处了,未知句型,
”文洁回答,未知句型,
没有抬头,否定句,对
“那就是研究恒星吧,肯定句,
怎么会没用处呢,未知句型,
现在大学都已复课,未知句型,
但研究生不再招了,否定句,对
你这样的高级人才窝到这种地方,未知句型,
唉……”,未知句型,
文洁没有回答,否定句,对
只是埋头抄写,肯定句,
她不想告诉白沐霖,否定句,对
自己能进入建设兵团已经很幸运了,未知句型,
对于现实,未知句型,
她什么都不想说,否定句,
也没什么可说的了,未知句型,
屋里安静下来,未知句型,
只有钢笔尖在纸上划动的沙沙声,未知句型,
文洁能闻到身边记者身上松木锯末的味道,未知句型,
自父亲惨死后,未知句型,
她第一次有一种温暖的感觉,未知句型,
第一次全身心松弛下来,未知句型,
暂时放松了对周围世界的戒心,未知句型,
一个多小时后,未知句型,
信抄完了,未知句型,
又按白沐霖说的地址和收信人写好了信封,未知句型,
文洁起身告辞,未知句型,
走到门口时,未知句型,
她回头说：“把你的外衣拿来,把字句,
我帮你洗洗吧,未知句型,
”说完后,未知句型,
她对自己的这一举动很吃惊,未知句型,
“不,否定句,
那哪行,未知句型,
”白沐霖连连摆手说,未知句型,
“你们建设兵团的女战士,未知句型,
白天干的都是男同志的活儿,肯定句,
快回去休息吧,未知句型,
明天六点就要上山呢,未知句型,
哦,未知句型,
文洁,未知句型,
我后天就要回师部了,未知句型,
我会把你的情况向上级反映一下,把字句,
也许能帮上忙呢,未知句型,
”,未知句型,
“谢谢,未知句型,
不过我觉得这里很好,否定句,
挺安静的,未知句型,
”文洁看着月光下大兴安岭朦胧的林海说,未知句型,
“你是不是在逃避什么,肯定句,
”,未知句型,
“我走了,未知句型,
”叶文洁轻声说,未知句型,
转身离去,未知句型,
白沐霖看着她那纤细的身影在月光下消失,未知句型,
然后,未知句型,
他抬头遥望文洁刚才看过的林海,未知句型,
看到远方的雷达峰上,未知句型,
巨大的天线又缓缓立起,未知句型,
闪着金属的冷光,未知句型,
三个星期后的一天中午,未知句型,
叶文洁被从伐木场紧急召回连部,被字句,
一走进办公室,未知句型,
她就发现气氛不对,否定句,
连长和指导员都在,未知句型,
还有一个表情冷峻的陌生人,未知句型,
他面前的办公桌上放着一个黑色的公文包,未知句型,
旁边两件东西显然是从公文包中拿出来的,肯定句,
那是一个信封和一本书,肯定句,
信封是拆开的,肯定句,
书就是那本她看过的《寂静的春天》,肯定句,
这个年代的人对自己的政治处境都有一种特殊的敏感,未知句型,
而这种敏感在叶文洁身上更强烈一些,未知句型,
她顿时感到周围的世界像一个口袋般收紧,未知句型,
一切都向她挤压过来,未知句型,
“叶文洁,未知句型,
这是师政治部来调查的张主任,肯定句,
”指导员指指陌生人说,未知句型,
“希望你配合,未知句型,
要讲实话,未知句型,
”,未知句型,
“这封信是你写的吗,肯定句,
”张主任问,未知句型,
同时从信封中抽出信来,未知句型,
叶文洁伸手去拿,未知句型,
但张主任没给她,未知句型,
仍把信拿在自己手中,把字句,
一页一页翻给她看,未知句型,
终于翻到了她想看的最后一页,未知句型,
落款上没有姓名,否定句,
只写着“革命群众”四个字,未知句型,
“不,否定句,
不是我写的,肯定句,
”文洁惊恐地摇摇头,未知句型,
“可这是你的笔迹,肯定句,
”,未知句型,
“是,肯定句,
可我是帮别人抄的,肯定句,
”,未知句型,
“帮谁,未知句型,
”,未知句型,
平时在连队遇到什么事,未知句型,
叶文洁很少为自己申辩,未知句型,
所有的亏都默默地吃了,未知句型,
所有的委屈都默默地承受,未知句型,
更不用说牵连别人了,否定句,
但这次不同,否定句,
她很清楚这意味着什么,未知句型,
“是帮那位上星期到连队来采访的《大生产报》记者抄的,肯定句,
他叫……”,未知句型,
“叶文洁,未知句型,
”张主任的眼睛像两个黑洞洞的枪口对着她,未知句型,
“我警告你,未知句型,
诬陷别人会使你的问题更加严重,未知句型,
我们已经从白沐霖同志那里调查清楚了,未知句型,
他只是受你之托把信带到呼和浩特发出去,肯定句,
并不知道信的内容,否定句,
”,未知句型,
“他……是这么说的,肯定句,
”文洁眼前一黑,未知句型,
张主任没有回答她的话,否定句,
而是拿起了那本书,肯定句,
“你写这封信,未知句型,
一定是受到了它的启发,肯定句,
”他把书对着连长和指导员展示了一下,把字句,
“这本书叫《寂静的春天》,未知句型,
1962 年在美国出版,未知句型,
在资本主义世界影响很大,未知句型,
”他接着从公文包中拿出了另一本书,未知句型,
封面是白皮黑字,肯定句,
“这是这本书的中译本,肯定句,
是有关部门以内参形式下发的,肯定句,
供批判用,未知句型,
现在,未知句型,
上级对这本书已经做出了明确的定性：这是一部反动的大毒草,肯定句,
该书从唯心史观出发,未知句型,
宣扬末世论,未知句型,
借环境问题之名,未知句型,
为资本主义世界最后的腐朽没落寻找托辞,未知句型,
其实质是十分反动的,肯定句,
”,未知句型,
“可这本书……也不是我的,肯定句,
”文洁无力地说,未知句型,
“白沐霖同志是上级指定的本书译者之一,肯定句,
他携带这本书是完全合法的,肯定句,
当然,未知句型,
他也负有保管责任,未知句型,
不该让你趁他在劳动中不备时偷拿去看——现在,否定句,
你从这本书中找到了向社会主义进攻的思想武器,未知句型,
”,未知句型,
叶文洁沉默了,未知句型,
她知道自己已经掉到陷阱的底部,未知句型,
任何挣扎都是徒劳的,肯定句,
与后来人们熟知的一些历史记载相反,未知句型,
白沐霖当初并非有意陷害叶文洁,否定句,
他写给中央的那封信也可能是出于真诚的责任心,肯定句,
那时怀着各种目的直接给中央写信的人很多,未知句型,
大多数信件石沉大海,未知句型,
也有少数人因此一夜之间飞黄腾达或面临灭顶之灾,未知句型,
当时的政治神经是极其错综复杂的,肯定句,
作为记者,未知句型,
白沐霖自以为了解这神经系统的走向和敏感之处,未知句型,
但他过分自信了,未知句型,
他这封信触动了他以前不知道的雷区,否定句,
得知消息后,未知句型,
恐惧压倒了一切,未知句型,
他决定牺牲叶文洁,未知句型,
保护自己,未知句型,
半个世纪后,未知句型,
历史学家们一致认为,未知句型,
1969,未知句型,
年的这一事件是以后人类历史的一个转折点,肯定句,
白沐霖无意之中成为一个标志性的关键历史人物,未知句型,
但他自己没有机会知道这点,否定句,
历史学家们失望地记载了他平淡的余生,未知句型,
白沐霖在《大生产报》一直工作到,未知句型,
1975 年,未知句型,
那时内蒙古建设兵团撤销,未知句型,
他调到一个东北城市的科协工作至上世纪八十年代初,未知句型,
然后出国到加拿大,未知句型,
在渥太华一所华语学校任教师至,未知句型,
1991 年,未知句型,
患肺癌去世,未知句型,
余生中他没对任何人提起过叶文洁的事,未知句型,
是否感到过自责和忏悔也不得而知,肯定句,
“小叶啊,未知句型,
连里对你可是仁至义尽了,肯定句,
”连长喷出一口辣烈的莫合烟,未知句型,
看着地面说,未知句型,
“你出身和家庭背景都不好,否定句,
可我们没把你当外人,把字句,
针对你脱离群众、不积极要求进步的倾向,否定句,
我和指导员都多次找你谈过,未知句型,
想帮助你,未知句型,
谁想到,未知句型,
你竟犯了这么严重的错误,未知句型,
”,未知句型,
“我早就看出来,未知句型,
她对‘文化大革命’的抵触情绪是根深蒂固的,肯定句,
”指导员接着说,未知句型,
“下午,未知句型,
派两个人,未知句型,
把她和这些罪证一起送到师部去,把字句,
”张主任面无表情地说,未知句型,
同室的三名女犯相继被提走,被字句,
监室里只剩叶文洁一个人了,未知句型,
墙角的那一小堆煤用完了也没人来加,未知句型,
炉子很快灭了,未知句型,
监室里冷了下来,未知句型,
叶文洁不得不将被子裹在身上,否定句,
天黑前来了两个人,未知句型,
其中一名是年长些的女干部,肯定句,
随行的那人介绍说她是中级法院军管会的军代表,肯定句,
“程丽华,未知句型,
”女干部自我介绍说,未知句型,
她四十多岁,未知句型,
身穿军大衣,未知句型,
戴着一副宽边眼镜,未知句型,
脸上线条柔和,未知句型,
看得出年轻时一定很漂亮,未知句型,
说话时面带微笑,未知句型,
让人感到平易近人,未知句型,
叶文洁清楚,未知句型,
这样级别的人来到监室见一个待审的犯人,未知句型,
很不寻常,否定句,
她谨慎地对程丽华点点头,未知句型,
起身在狭窄的床铺上给她让出坐的地方,未知句型,
“这么冷,未知句型,
炉子呢,未知句型,
”程丽华不满地看了站在门口的看守所所长一眼,否定句,
又转向文洁,未知句型,
“嗯,未知句型,
年轻,未知句型,
你比我想的还年轻,未知句型,
”说完坐在床上,未知句型,
离文洁很近,未知句型,
低头翻起公文包来,未知句型,
嘴里还像老大妈似的嘟囔着,未知句型,
“小叶你糊涂啊,未知句型,
年轻人都这样,未知句型,
书越读得多越糊涂了,未知句型,
你呀你呀……”她找到了要找的东西,未知句型,
把那一小打文件抱在胸前,把字句,
抬头看着叶文洁,未知句型,
目光中充满了慈爱,未知句型,
“不过,否定句,
年轻人嘛,未知句型,
谁没犯过错误,未知句型,
我就犯过,未知句型,
那时我在四野的文工团,未知句型,
苏联歌曲唱得好,未知句型,
一次政治学习会上,未知句型,
我说我们应该并入苏联,未知句型,
成为苏维埃社会主义联盟的一个新共和国,未知句型,
这样国际共产主义的力量就更强大了……幼稚啊,未知句型,
可谁没幼稚过呢,未知句型,
还是那句话,肯定句,
不要有思想负担,否定句,
有错就认识就改,未知句型,
然后继续革命嘛,未知句型,
”程丽华的一席话拉近了叶文洁与她的距离,未知句型,
但叶文洁在灾难中学会了谨慎,未知句型,
她不敢贸然接受这份奢侈的善意,否定句,
程丽华把那叠文件放到叶文洁面前的床面上,把字句,
递给她一枝笔,未知句型,
“来,未知句型,
先签了字,未知句型,
咱们再好好谈谈,未知句型,
解开你的思想疙瘩,未知句型,
”她的语气,未知句型,
仿佛在哄一个小孩儿吃奶,未知句型,
叶文洁默默地看着那份文件,未知句型,
一动不动,否定句,
没有去接笔,否定句,
程丽华宽容地笑笑,未知句型,
“你是可以相信我的,肯定句,
我以人格保证,未知句型,
这文件内容与你的案子无关,未知句型,
签字吧,未知句型,
”,未知句型,
站在一边的那名随行者说：“叶文洁,未知句型,
程代表是想帮你的,肯定句,
她这几天为你的事可没少操心,未知句型,
”,未知句型,
程丽华挥手制止他说下去,未知句型,
“能理解的,未知句型,
这孩子,未知句型,
唉,未知句型,
给吓坏了,未知句型,
现在一些人的政策水平实在太低,未知句型,
建设兵团的,未知句型,
还有你们法院的,未知句型,
方法简单,未知句型,
作风粗暴,未知句型,
像什么样子,未知句型,
好吧,未知句型,
小叶,未知句型,
来,未知句型,
看看文件,未知句型,
仔细看看吧,未知句型,
”,未知句型,
叶文洁拿起文件,未知句型,
在监室昏黄的灯光下翻看着,未知句型,
程代表没骗她,未知句型,
这份材料确实与她的案子无关,肯定句,
是关于她那已死去的父亲的,肯定句,
其中记载了父亲与一些人交往情况和谈话内容,未知句型,
文件的提供者是叶文洁的妹妹叶文雪,肯定句,
作为一名最激进的红卫兵,未知句型,
叶文雪积极主动地揭发父亲,未知句型,
写过大量的检举材料,未知句型,
其中的一些直接导致了父亲的惨死,未知句型,
但这一份材料文洁一眼就看出不是妹妹写的,肯定句,
文雪揭发父亲的材料文笔激烈,未知句型,
读那一行行字就像听着一挂挂炸响的鞭炮,未知句型,
但这份材料写得很冷静、很老到,未知句型,
内容翔实精确,未知句型,
谁谁谁哪年哪月哪日在哪里见了谁谁谁又谈了什么,未知句型,
外行人看去像一本平淡的流水账,未知句型,
但其中暗藏的杀机,未知句型,
绝非叶文雪那套小孩子把戏所能相比的,否定句,
材料的内容她看不太懂,否定句,
但隐约感觉到与一个重大国防工程有关,未知句型,
作为物理学家的女儿,未知句型,
叶文洁猜出了那就是从1964 年开始震惊世界的中国两弹工程,肯定句,
在这个年代,未知句型,
要搞倒一个位置很高的人,未知句型,
就要在其分管的各个领域得到他的黑材料,未知句型,
但两弹工程对阴谋家们来说是个棘手的领域,肯定句,
这个工程处于中央的重点保护之下,未知句型,
得以避开“文革”的风雨,未知句型,
他们很难插手进去,未知句型,
由于出身问题没通过政审,未知句型,
父亲并没有直接参加两弹研制,否定句,
只是做了一些外围的理论工作,肯定句,
但要利用他,未知句型,
比利用两弹工程的那些核心人物更容易些,未知句型,
叶文洁不知道材料上那些内容是真是假,肯定句,
但可以肯定,肯定句,
上面的每一个标点符号都具有致命的政治杀伤力,未知句型,
除了最终的打击目标外,未知句型,
还会有无数人的命运要因这份材料坠入悲惨的深渊,未知句型,
材料的末尾是妹妹那大大的签名,肯定句,
而叶文洁是要作为附加证人签名的,肯定句,
她注意到,未知句型,
那个位置已经有三个人签了名,未知句型,
“我不知道父亲和这些人说的这些话,否定句,
”叶文洁把材料放回原位,把字句,
低声说,未知句型,
“怎么会不知道呢,否定句,
这其中许多的谈话都是在你家里进行的,肯定句,
你妹妹都知道你就不知道,否定句,
”,未知句型,
“我真的不知道,否定句,
”,未知句型,
“但这些谈话内容是真实的,肯定句,
你要相信组织,未知句型,
”,未知句型,
“我没说不是真的,肯定句,
可我真的不知道,否定句,
所以不能签,否定句,
”,未知句型,
“叶文洁,未知句型,
”那名随行人员上前一步说,未知句型,
但又被程代表制止了,被字句,
她朝文洁坐得更近些,未知句型,
拉起她一只冰凉的手,未知句型,
说：,未知句型,
“小叶啊,未知句型,
我跟你交个底吧,未知句型,
你这个案子,未知句型,
弹性很大的,未知句型,
往低的说,未知句型,
知识青年受反动书籍蒙蔽,未知句型,
没什么大事,未知句型,
都不用走司法程序,否定句,
参加一次学习班好好写几份检查,未知句型,
你就可以回兵团了,肯定句,
往高说嘛,未知句型,
小叶啊,未知句型,
你心里也清楚,未知句型,
判现行反革命是完全可以的,肯定句,
对于你这种政治案件,未知句型,
现在公检法系统都是宁左勿右,肯定句,
左是方法问题,肯定句,
右是路线问题,肯定句,
最终大方向还是要军管会定,肯定句,
当然,未知句型,
这话只能咱们私下说说,未知句型,
”,未知句型,
随行人员说：“程代表是真的为你好,肯定句,
你自己看到了,未知句型,
已经有三个证人签字了,未知句型,
你签不签又有多大意义,否定句,错
叶文洁,未知句型,
你别一时糊涂啊,未知句型,
”,未知句型,
“是啊,肯定句,
小叶,未知句型,
看着你这个有知识的孩子就这么毁了,未知句型,
心疼啊,未知句型,
我真的想救你,未知句型,
你千万要配合,未知句型,
看看我,未知句型,
我难道会害你吗,疑问句,
”,未知句型,
叶文洁没有看军代表,否定句,对
她看到了父亲的血,未知句型,
“程代表,未知句型,
我不知道上面写的事,否定句,对
我不会签的,否定句,对
”,未知句型,
程丽华沉默了,未知句型,
她盯着文洁看了好一会儿,未知句型,
冰冷的空气仿佛凝固了一般,未知句型,
然后她慢慢地将文件放回公文包,未知句型,
站起身,未知句型,
她脸上慈祥的表情仍然没有褪去,否定句,对
只是凝固了,肯定句,
仿佛戴着一张石膏面具,未知句型,
她就这样慈祥地走到墙角,未知句型,
那里放着一桶盥洗用的水,未知句型,
她提起桶,未知句型,
把里面的水一半泼到叶文洁的身上,把字句,
一半倒在被褥上,被字句,
动作中有一种有条不紊的沉稳,否定句,对
然后扔下桶转身走出门,未知句型,
扔下了一句怒骂：“顽固的小杂种,未知句型,
”,未知句型,
看守所所长最后一个走,未知句型,
他冷冷地看了浑身湿透的文洁一眼,未知句型,
“咣”一声关上门并锁上了,未知句型,
在这内蒙古的严冬,未知句型,
寒冷通过湿透的衣服,未知句型,
像一个巨掌将叶文洁攥在其中,未知句型,
她听到自己牙齿打颤的“咯咯”声,未知句型,
后来这声音也消失了,未知句型,
深入骨髓的寒冷使她眼中的现实世界变成一片乳白色,未知句型,
她感到整个宇宙就是一块大冰,肯定句,
自己是这块冰中唯一的生命体,肯定句,
她这个将被冻死的小女孩儿手中连火柴都没有,否定句,对
只有幻觉了……,未知句型,
她置身于其中的冰块渐渐变得透明了,未知句型,
眼前出现了一座大楼,未知句型,
楼上有一个女孩儿在挥动着一面大旗,未知句型,
她的纤小与那面旗的阔大形成鲜明对比,未知句型,
那是文洁的妹妹叶文雪,肯定句,
自从与自己的反动学术权威家庭决裂后,未知句型,
叶文洁再也没有听到过她的消息,否定句,对
直到不久前才知道妹妹已于两年前惨死于武斗,否定句,错
恍惚中,未知句型,
挥旗的人变成了白沐霖,未知句型,
他的眼镜反射着楼下的火光,未知句型,
接着那人又变成了程代表,未知句型,
变成了母亲绍琳,未知句型,
甚至变成父亲,未知句型,
旗手在不断变换,否定句,错
旗帜在不间断地被挥舞着,否定句,错
像一只永恒的钟摆,未知句型,
倒数着她那所剩无几的生命,未知句型,
渐渐地旗帜模糊了,未知句型,
一切都模糊了,未知句型,
那块充满宇宙的冰块又将她封在中心,未知句型,
这次冰块是黑色的,肯定句,
9.红岸之一,未知句型,
不知过了多长时间,否定句,错
叶文洁听到了沉重的轰鸣声,未知句型,
这声音来自所有的方向,未知句型,
在她那模糊的意识中,未知句型,
似乎有某种巨大的机械在钻开或锯开她置身于其中的大冰块,未知句型,
世界仍是一片黑暗,肯定句,
但轰鸣声却变得越来越真实,未知句型,
她终于能够确定这声音的来源既不是天堂也不是地狱,肯定句,
她意识到自己仍闭着眼睛,未知句型,
便努力地睁开沉重的眼皮——首先看到了一盏灯,未知句型,
灯深嵌在天花板内部,未知句型,
被罩在一层似乎是用于防撞击的铁丝网后面,肯定句,
发出昏暗的光,未知句型,
天花板似乎是金属的,肯定句,
她听到有个男声在轻轻叫自己的名字,未知句型,
“你在发高烧,未知句型,
”那人说,未知句型,
“这是哪儿,肯定句,
”叶文洁无力地问,未知句型,
感觉声音不是自己发出的,肯定句,
“在飞机上,未知句型,
”,未知句型,
叶文洁感到一阵虚弱,未知句型,
又昏睡过去,未知句型,
朦胧中轰鸣声一直伴随着她,未知句型,
时间不长,否定句,对
她再次清醒过来,未知句型,
这时麻木消失,未知句型,
痛苦的感觉出现了：头和四肢的关节都很痛,未知句型,
嘴里呼出的气是发烫的,肯定句,
喉咙也痛,未知句型,
咽下一口唾沫感觉像咽下一块火炭,未知句型,
叶文洁转过头,未知句型,
看到旁边有两个穿着和程代表一样的军大衣的人,未知句型,
不同的是他们都戴着有红五星的军棉帽,肯定句,
敞开的大衣露出了里面军服上的红领章,未知句型,
其中一名军人戴着眼镜,未知句型,
叶文洁发现自己也盖着一件军大衣,未知句型,
身上的衣服是干的,肯定句,
很暖和,未知句型,
她吃力地想支起身,未知句型,
居然成功了,未知句型,
她看到了另一边的舷窗,未知句型,
窗外是缓缓移去的滚滚云海,肯定句,
被阳光照得很刺眼,被字句,
她赶紧收回目光,未知句型,
看到狭窄的机舱中堆满了军绿色的铁箱子,未知句型,
从另一个舷窗中可以看到上方旋翼的影子,肯定句,
她猜自己可能是在一架直升机上,肯定句,
“还是躺下吧,肯定句,
”戴眼镜的军人说,未知句型,
扶她重新躺下,未知句型,
把大衣盖好,把字句,
“叶文洁,未知句型,
这篇论文是你写的吗,肯定句,
”另一名军人把一本翻开的英文杂志伸到她眼前,把字句,
她看到那文章的题目是《太阳辐射层内可能存在的能量界面和其反射特性》,肯定句,
他把杂志的封面让她看,把字句,
那是1966 年的一期《天体物理学杂志》,肯定句,
“肯定是的,肯定句,
这还用证实吗,疑问句,
”戴眼镜的军人拿走了杂志,未知句型,
然后介绍说,未知句型,
“这位是红岸基地的雷志成政委,肯定句,
我是杨卫宁,肯定句,
基地的总工程师,未知句型,
离降落还有一个小时,未知句型,
你休息吧,未知句型,
”,未知句型,
你是杨卫宁,肯定句,
叶文洁没有说出口,否定句,对
只是吃惊地看着他,肯定句,
发现他的表情很平静,未知句型,
显然不想让旁人知道他们认识,否定句,对
杨卫宁曾是叶哲泰的一名研究生,肯定句,
他毕业时叶文洁刚上大一,未知句型,
叶文洁现在还清楚地记得杨卫宁第一次到家里来的情形,未知句型,
那时他刚考上研究生,未知句型,
与导师谈课题方向,未知句型,
杨卫宁说他想搞倾向于实验和应用的课题,未知句型,
尽可能离基础理论远些,未知句型,
叶文洁记得父亲当时是这样说：我不反对,肯定句,
但我们毕竟是理论物理专业,肯定句,
你这样要求的理由呢,未知句型,
杨卫宁回答：我想投身于时代,未知句型,
做一些实际的贡献,未知句型,
父亲说：理论是应用的基础,肯定句,
发现自然规律,未知句型,
难道不是对时代最大的贡献,肯定句,
杨卫宁犹豫了一下,未知句型,
终于说出了真话：搞理论研究,未知句型,
容易在思想上犯错误,未知句型,
这话让父亲沉默了,未知句型,
杨卫宁是个很有才华的人,肯定句,
数学功底扎实,未知句型,
思维敏捷,未知句型,
但在不长的研究生生涯中,否定句,对
他与导师的关系若即若离,未知句型,
他们相互之间保持着敬而远之的距离,未知句型,
那时叶文洁与杨卫宁经常见面,未知句型,
也许是受父亲影响,肯定句,
叶文洁没有过多地注意他,否定句,对
至于他是否注意过自己,肯定句,
叶文洁就不知道了,否定句,对
后来杨卫宁顺利毕业,未知句型,
不久就与导师中断了联系,否定句,
叶文洁再次虚弱地闭上眼睛后,未知句型,
两名军人离开了她,未知句型,
到一排箱子后面低声交谈,未知句型,
机舱很狭窄,未知句型,
叶文洁在引擎的轰鸣声中还是听到了他们的话——,肯定句,
“我还是觉得这事儿不太稳妥,肯定句,
”这是雷志成的声音,肯定句,
杨卫宁反问：“那你能从正常渠道给我需要的人吗,疑问句,
”,未知句型,
“唉,未知句型,
我也费了很大劲,未知句型,
这种专业从军内找不到,否定句,
从地方上找,未知句型,
问题就更多了,未知句型,
你知道这项目的保密级别,未知句型,
首先得参军,未知句型,
更大的问题还是保密条例要求的在基地的隔离工作周期,肯定句,
那么长时间,未知句型,
家属随军怎么办,未知句型,
也得到基地里,未知句型,
这谁都不愿意,否定句,
找到的两个合适的候选人宁肯待在五七干校也不来,否定句,
当然可以硬调,肯定句,
但这种工作的性质,未知句型,
要是不安心什么都干不出来的,肯定句,
”,未知句型,
“所以只能这么办,未知句型,
”,未知句型,
“可这也太违反常规了,未知句型,
”,未知句型,
“这个项目本来就违反常规,未知句型,
出了事儿我负责就是了,肯定句,
”,未知句型,
“我的杨总啊,未知句型,
这责你负得了吗,疑问句,
你一头钻在技术里,未知句型,
‘红岸’可是与其他国防重点项目不同,肯定句,
它的复杂,未知句型,
是复杂在技术之外的,肯定句,
”,未知句型,
“你这倒是实话,肯定句,
”,未知句型,
降落时已是傍晚,肯定句,
叶文洁谢绝了杨卫宁和雷志成的挽扶,未知句型,
自己艰难地走下飞机,未知句型,
一阵强风差点把她吹倒,把字句,
风吹在仍转动的旋翼上,未知句型,
发出尖利的啸声,未知句型,
风中的森林气息文洁很熟悉,未知句型,
她认识这风,未知句型,
这风也认识她,未知句型,
这是大兴安岭的风,肯定句,
她很快听到了另一种声音,未知句型,
一个低沉浑厚的嗡嗡声,未知句型,
浑厚而有力,未知句型,
似乎构成了整个世界的背景,未知句型,
这是不远处抛物面天线在风中的声音,肯定句,
只有到了跟前,未知句型,
才能真正感受到这张天网的巨大,未知句型,
叶文洁的人生在这一个月里转了一个大圈又回来了——她现在是在雷达峰上,肯定句,
叶文洁不由得转头朝她的建设兵团连队所在的方向望去,否定句,
只看到暮色中一片迷蒙的林海,未知句型,
直升机显然不是专为接她的,肯定句,
几名士兵走过来,未知句型,
从机舱里卸下那些军绿色的货箱,未知句型,
他们从她身边走过,未知句型,
没人看她一眼,未知句型,
她和雷志成、杨卫宁一行三人继续向前走去,未知句型,
叶文洁发现雷达峰的峰顶是这样的宽阔,肯定句,
在天线的下面有一小群白色建筑物,未知句型,
与天线相比,未知句型,
它们像几块精致的积木,未知句型,
他们正朝有两名哨兵站岗的基地大门走去,未知句型,
走到门前,未知句型,
他们停了下来,未知句型,
雷志成转向叶文洁,未知句型,
郑重地说：“叶文洁,未知句型,
你的反革命罪行证据确凿,未知句型,
将要面临的审判也是罪有应得,肯定句,
现在,未知句型,
你面前有一个立功赎罪的机会,未知句型,
你可以接受,肯定句,
也可以拒绝,肯定句,
”他向天线方向指了指,未知句型,
“这是一个国防科研基地,肯定句,
其中正在进行的研究项目需要你掌握的专业知识,未知句型,
更具体的,未知句型,
请杨总工程师为你介绍,未知句型,
你要慎重考虑,未知句型,
”说完他对杨卫宁点了点头,未知句型,
尾随搬运物资的士兵一起走进了基地,未知句型,
杨卫宁等别人走远了,未知句型,
向叶文洁示意了一下,未知句型,
带她走远些,未知句型,
显然是怕哨兵听到下面的谈话,肯定句,
这时,未知句型,
他不再隐藏自己与她的相识：“叶文洁,否定句,
我可向你说清楚,未知句型,
这不是什么机会,肯定句,
我向法院军管会了解过,未知句型,
虽然程丽华力主重判,未知句型,
但具体到你的情节,未知句型,
刑期最多也就是十年,肯定句,
考虑到可能的减刑,未知句型,
也就是六七年的样子,肯定句,
而这里——”他向基地方向偏了一下头,未知句型,
“是最高密级的研究项目,肯定句,
以你的身份,未知句型,
走进这道门,未知句型,
可能……”他停了好一会儿,未知句型,
似乎想让天线在风中的轰鸣声加重自己的语气,未知句型,
“一辈子都出不来了,否定句,
”,未知句型,
“我进去,未知句型,
”叶文洁轻声说,未知句型,
杨卫宁对她这么快的回答很吃惊,未知句型,
“你不必这么匆忙做决定,否定句,
可以先回到飞机上去,肯定句,
它三小时后才起飞,未知句型,
你要是拒绝,肯定句,
